Year; Week; Age Group;A (H1);A (Unable to Subtype);A (H3);A (H1N1)pdm09;A (Subtyping not Performed);B (Victoria Lineage);B (Yamagata Lineage);B (Lineage Unspecified);H3N2v
2016;40;0-4 yr;0;0;1;0;0;0;0;0;0
2016;40;5-24 yr;0;0;6;1;1;1;0;1;0
2016;40;25-64 yr;0;0;9;3;0;0;0;0;0
2016;40;65+ yr;0;0;9;0;3;0;0;0;0
2015;40;0-4 yr;0;0;7;2;0;0;0;1;0
2015;41;0-4 yr;0;0;2;1;1;1;0;1;0
2015;42;0-4 yr;0;0;1;1;0;1;1;1;0
2015;43;0-4 yr;0;0;4;1;1;0;0;0;0
2015;44;0-4 yr;0;0;1;1;3;0;0;2;0
2015;45;0-4 yr;0;0;2;1;0;0;0;3;0
2015;46;0-4 yr;0;0;1;8;0;0;0;1;0
2015;47;0-4 yr;0;0;2;5;0;1;0;0;0
2015;48;0-4 yr;0;0;1;2;0;0;0;4;0
2015;49;0-4 yr;0;0;6;5;0;0;2;3;0
2015;50;0-4 yr;0;0;4;10;0;0;1;1;0
2015;51;0-4 yr;0;0;4;7;0;0;2;2;0
2015;52;0-4 yr;0;0;4;23;0;1;0;0;0
2016;1;0-4 yr;0;0;4;30;0;0;1;0;0
2016;2;0-4 yr;0;0;6;28;2;2;3;3;0
2016;3;0-4 yr;0;0;8;51;2;4;2;6;0
2016;4;0-4 yr;0;0;14;75;2;2;11;2;0
2016;5;0-4 yr;0;0;15;84;3;12;12;6;0
2016;6;0-4 yr;0;0;20;96;2;7;10;4;0
2016;7;0-4 yr;0;0;25;177;2;15;13;5;0
2016;8;0-4 yr;0;0;14;177;3;17;17;11;0
2016;9;0-4 yr;0;0;16;246;3;16;15;12;0
2016;10;0-4 yr;0;0;23;275;3;9;23;13;0
2016;11;0-4 yr;0;0;17;182;0;21;16;9;0
2016;12;0-4 yr;0;0;13;103;0;18;12;11;0
2016;13;0-4 yr;0;0;11;102;2;17;21;18;0
2016;14;0-4 yr;0;0;5;66;0;12;9;18;0
2016;15;0-4 yr;0;0;4;43;1;7;7;20;0
2016;16;0-4 yr;0;0;11;31;1;6;5;13;0
2016;17;0-4 yr;0;0;2;16;0;7;4;4;0
2016;18;0-4 yr;0;0;1;8;0;7;6;3;0
2016;19;0-4 yr;0;0;2;5;0;4;2;4;0
2016;20;0-4 yr;0;0;5;3;0;2;3;4;0
2016;21;0-4 yr;0;0;2;2;1;1;2;4;0
2016;22;0-4 yr;0;0;2;0;0;4;2;3;0
2016;23;0-4 yr;0;0;2;0;0;2;0;1;0
2016;24;0-4 yr;0;0;1;0;0;2;1;2;0
2016;25;0-4 yr;0;0;4;1;0;0;3;1;0
2016;26;0-4 yr;0;0;2;1;1;3;1;0;0
2016;27;0-4 yr;0;0;1;1;0;0;1;3;0
2016;28;0-4 yr;0;0;0;0;0;0;1;0;0
2016;29;0-4 yr;0;0;2;0;0;0;1;1;0
2016;30;0-4 yr;0;0;1;0;0;0;2;0;0
2016;31;0-4 yr;0;0;3;0;0;0;0;0;1
2016;32;0-4 yr;0;0;5;3;0;0;0;0;4
2016;33;0-4 yr;0;0;3;0;0;0;0;1;1
2016;34;0-4 yr;0;0;3;0;0;2;0;1;0
2016;35;0-4 yr;0;0;5;1;0;0;0;1;0
2016;36;0-4 yr;0;0;1;0;0;1;0;0;0
2016;37;0-4 yr;0;0;4;0;1;1;0;1;0
2016;38;0-4 yr;0;0;3;0;0;1;0;1;0
2016;39;0-4 yr;0;0;5;1;0;0;0;0;0
2015;40;5-24 yr;0;0;5;0;0;0;0;2;0
2015;41;5-24 yr;0;0;11;0;0;1;0;4;0
2015;42;5-24 yr;0;0;7;2;0;1;1;3;0
2015;43;5-24 yr;0;0;6;2;2;1;1;4;0
2015;44;5-24 yr;0;0;8;0;0;1;1;4;0
2015;45;5-24 yr;0;0;14;4;0;3;2;4;0
2015;46;5-24 yr;0;0;15;3;0;0;0;3;0
2015;47;5-24 yr;0;0;7;1;0;2;3;1;0
2015;48;5-24 yr;0;0;11;9;0;2;5;2;0
2015;49;5-24 yr;0;0;12;9;1;1;3;7;0
2015;50;5-24 yr;0;0;13;17;0;2;6;3;0
2015;51;5-24 yr;0;0;9;16;0;2;4;2;0
2015;52;5-24 yr;0;0;15;17;0;4;5;1;0
2016;1;5-24 yr;0;0;18;41;1;2;6;5;0
2016;2;5-24 yr;0;0;30;50;0;11;9;12;0
2016;3;5-24 yr;0;0;44;80;3;10;35;11;0
2016;4;5-24 yr;0;0;80;121;4;17;25;34;0
2016;5;5-24 yr;0;0;74;172;2;27;42;34;0
2016;6;5-24 yr;0;0;82;212;1;28;63;53;0
2016;7;5-24 yr;0;0;88;318;6;33;64;50;0
2016;8;5-24 yr;0;0;77;400;8;66;117;62;0
2016;9;5-24 yr;0;0;94;447;5;52;85;70;0
2016;10;5-24 yr;0;0;105;498;15;85;85;76;0
2016;11;5-24 yr;0;0;72;321;3;64;67;54;0
2016;12;5-24 yr;0;0;66;221;3;52;52;55;0
2016;13;5-24 yr;0;0;54;132;6;48;38;58;0
2016;14;5-24 yr;0;0;33;112;4;39;31;50;0
2016;15;5-24 yr;0;0;42;80;1;44;26;43;0
2016;16;5-24 yr;0;0;45;61;3;41;31;68;0
2016;17;5-24 yr;0;0;44;33;0;37;27;37;0
2016;18;5-24 yr;0;0;32;5;0;23;17;29;0
2016;19;5-24 yr;0;0;30;8;0;19;16;24;0
2016;20;5-24 yr;0;0;29;7;0;6;15;18;0
2016;21;5-24 yr;0;0;17;3;0;8;8;12;0
2016;22;5-24 yr;0;0;3;1;0;6;9;9;0
2016;23;5-24 yr;0;0;4;0;0;2;7;7;0
2016;24;5-24 yr;0;0;5;1;0;3;3;1;0
2016;25;5-24 yr;0;0;7;1;0;3;3;3;0
2016;26;5-24 yr;0;0;4;0;1;1;3;3;0
2016;27;5-24 yr;0;0;2;0;0;2;5;0;0
2016;28;5-24 yr;0;0;9;0;1;1;1;1;0
2016;29;5-24 yr;0;0;7;1;0;0;5;1;0
2016;30;5-24 yr;0;0;22;0;0;2;1;0;1
2016;31;5-24 yr;0;0;33;0;2;0;2;0;2
2016;32;5-24 yr;0;0;7;0;0;0;5;0;5
2016;33;5-24 yr;0;0;7;1;0;1;2;1;3
2016;34;5-24 yr;0;0;7;2;0;0;2;1;0
2016;35;5-24 yr;0;0;5;3;0;4;1;3;0
2016;36;5-24 yr;0;0;14;2;0;0;0;6;0
2016;37;5-24 yr;0;0;14;3;2;1;1;6;0
2016;38;5-24 yr;0;0;14;1;9;0;1;3;0
2016;39;5-24 yr;0;0;10;1;13;2;0;2;0
2015;40;25-64 yr;0;0;23;2;1;0;1;4;0
2015;41;25-64 yr;0;0;9;3;0;0;0;1;0
2015;42;25-64 yr;0;0;18;5;0;0;0;3;0
2015;43;25-64 yr;0;0;4;5;1;0;0;3;0
2015;44;25-64 yr;0;0;8;3;0;0;3;2;0
2015;45;25-64 yr;0;0;7;4;1;1;0;2;0
2015;46;25-64 yr;0;0;16;4;0;0;4;0;0
2015;47;25-64 yr;0;0;3;9;0;0;3;1;0
2015;48;25-64 yr;0;0;14;13;2;1;3;1;0
2015;49;25-64 yr;0;0;9;16;1;1;4;1;0
2015;50;25-64 yr;0;0;5;34;0;2;4;4;0
2015;51;25-64 yr;0;0;10;44;1;0;15;6;0
2015;52;25-64 yr;0;0;9;77;0;3;15;2;0
2016;1;25-64 yr;0;0;16;95;1;3;18;2;0
2016;2;25-64 yr;0;0;17;127;2;6;23;12;0
2016;3;25-64 yr;0;0;20;159;6;4;21;8;0
2016;4;25-64 yr;0;0;30;225;7;2;39;20;0
2016;5;25-64 yr;0;0;37;297;4;7;48;11;0
2016;6;25-64 yr;0;0;56;392;7;9;52;24;0
2016;7;25-64 yr;0;0;60;556;8;16;88;31;0
2016;8;25-64 yr;0;0;62;774;11;28;100;37;0
2016;9;25-64 yr;0;0;83;827;19;30;96;51;0
2016;10;25-64 yr;0;0;80;1007;19;31;123;77;0
2016;11;25-64 yr;0;0;41;701;16;34;96;59;0
2016;12;25-64 yr;0;0;49;489;10;25;81;58;0
2016;13;25-64 yr;0;0;51;371;14;36;84;69;0
2016;14;25-64 yr;0;0;43;215;17;29;62;44;0
2016;15;25-64 yr;0;0;38;170;7;26;77;43;0
2016;16;25-64 yr;0;0;33;116;8;24;72;39;0
2016;17;25-64 yr;0;0;24;73;4;23;50;30;0
2016;18;25-64 yr;0;0;14;45;2;15;29;26;0
2016;19;25-64 yr;0;0;16;17;1;11;35;8;0
2016;20;25-64 yr;0;0;20;13;4;4;16;8;0
2016;21;25-64 yr;0;0;14;7;0;7;12;9;0
2016;22;25-64 yr;0;0;2;2;1;3;17;7;0
2016;23;25-64 yr;0;0;4;1;0;2;7;2;0
2016;24;25-64 yr;0;0;9;2;0;1;4;3;0
2016;25;25-64 yr;0;0;6;1;0;5;3;5;0
2016;26;25-64 yr;0;0;2;1;1;2;4;1;0
2016;27;25-64 yr;0;0;10;1;0;1;3;2;0
2016;28;25-64 yr;0;0;5;1;0;1;4;1;0
2016;29;25-64 yr;0;0;6;1;0;0;3;2;0
2016;30;25-64 yr;0;0;8;2;0;0;5;1;0
2016;31;25-64 yr;0;0;5;0;0;1;2;0;0
2016;32;25-64 yr;0;0;6;1;0;0;5;1;0
2016;33;25-64 yr;0;0;6;0;0;0;1;0;0
2016;34;25-64 yr;0;0;7;2;0;0;1;0;0
2016;35;25-64 yr;0;0;7;2;0;0;0;0;0
2016;36;25-64 yr;0;0;7;1;0;0;2;0;0
2016;37;25-64 yr;0;0;14;2;0;0;0;2;0
2016;38;25-64 yr;0;0;17;1;0;0;1;2;0
2016;39;25-64 yr;0;0;10;0;0;1;0;0;0
2015;40;65+ yr;0;0;29;0;1;0;0;1;0
2015;41;65+ yr;0;0;19;1;1;1;0;1;0
2015;42;65+ yr;0;0;17;2;1;0;0;1;0
2015;43;65+ yr;0;0;16;1;0;0;3;1;0
2015;44;65+ yr;0;0;6;0;1;0;0;0;0
2015;45;65+ yr;0;0;3;0;0;0;0;0;0
2015;46;65+ yr;0;0;6;2;1;0;0;0;0
2015;47;65+ yr;0;0;8;0;0;0;3;1;0
2015;48;65+ yr;0;0;7;2;0;0;1;0;0
2015;49;65+ yr;0;0;8;5;1;0;1;0;0
2015;50;65+ yr;0;0;14;3;0;0;6;0;0
2015;51;65+ yr;0;0;6;13;0;0;4;0;0
2015;52;65+ yr;0;0;8;14;1;0;9;0;0
2016;1;65+ yr;0;0;8;22;0;2;9;1;0
2016;2;65+ yr;0;0;14;18;0;2;12;6;0
2016;3;65+ yr;0;0;8;30;2;0;10;5;0
2016;4;65+ yr;0;0;14;37;1;0;13;4;0
2016;5;65+ yr;0;0;21;61;1;4;15;8;0
2016;6;65+ yr;0;0;25;73;6;2;25;10;0
2016;7;65+ yr;0;0;35;129;1;4;50;14;0
2016;8;65+ yr;0;0;29;177;5;8;50;12;0
2016;9;65+ yr;0;0;62;220;5;14;76;9;0
2016;10;65+ yr;0;0;69;286;9;15;67;26;0
2016;11;65+ yr;0;0;56;213;4;13;71;19;0
2016;12;65+ yr;0;0;46;177;4;10;39;26;0
2016;13;65+ yr;0;0;39;158;11;15;54;35;0
2016;14;65+ yr;0;0;40;92;11;17;53;29;0
2016;15;65+ yr;0;0;19;53;5;7;46;13;0
2016;16;65+ yr;0;0;29;47;3;11;48;15;0
2016;17;65+ yr;0;0;18;30;1;9;34;12;0
2016;18;65+ yr;0;0;9;10;0;6;30;11;0
2016;19;65+ yr;0;0;11;11;1;2;14;5;0
2016;20;65+ yr;0;0;17;7;0;0;15;4;0
2016;21;65+ yr;0;0;5;2;1;5;8;4;0
2016;22;65+ yr;0;0;2;1;0;0;7;5;0
2016;23;65+ yr;0;0;3;1;1;0;2;1;0
2016;24;65+ yr;0;0;2;0;0;0;2;0;0
2016;25;65+ yr;0;0;3;1;0;1;2;0;0
2016;26;65+ yr;0;0;6;0;0;0;0;0;0
2016;27;65+ yr;0;0;4;0;0;2;0;0;0
2016;28;65+ yr;0;0;2;0;0;0;5;0;0
2016;29;65+ yr;0;0;2;0;0;0;1;0;0
2016;30;65+ yr;0;0;2;0;0;0;2;1;0
2016;31;65+ yr;0;0;1;0;0;0;0;0;0
2016;32;65+ yr;0;0;2;0;0;0;1;0;1
2016;33;65+ yr;0;0;8;0;0;0;0;0;0
2016;34;65+ yr;0;0;7;1;0;0;3;0;0
2016;35;65+ yr;0;0;15;1;0;0;1;1;0
2016;36;65+ yr;0;0;19;0;0;0;0;0;0
2016;37;65+ yr;0;0;15;2;0;2;2;0;0
2016;38;65+ yr;0;0;16;1;0;0;0;1;0
2016;39;65+ yr;0;0;12;0;0;0;0;1;0
2014;40;0-4 yr;0;0;12;0;0;0;0;4;0
2014;41;0-4 yr;0;0;15;1;0;0;0;4;0
2014;42;0-4 yr;0;0;37;1;0;0;0;5;0
2014;43;0-4 yr;0;0;25;0;0;0;0;4;0
2014;44;0-4 yr;0;0;46;1;0;0;0;4;0
2014;45;0-4 yr;0;0;54;0;0;0;0;4;0
2014;46;0-4 yr;0;0;78;2;3;0;0;0;0
2014;47;0-4 yr;0;0;90;2;2;0;0;2;0
2014;48;0-4 yr;0;0;178;1;3;0;0;1;0
2014;49;0-4 yr;0;0;267;2;2;0;0;5;0
2014;50;0-4 yr;0;0;268;0;1;0;0;10;0
2014;51;0-4 yr;0;0;295;0;4;0;0;9;0
2014;52;0-4 yr;0;0;258;1;1;0;0;14;0
2014;53;0-4 yr;0;0;246;0;1;0;0;12;0
2015;1;0-4 yr;0;0;196;2;1;0;0;10;0
2015;2;0-4 yr;0;0;218;1;2;0;0;13;0
2015;3;0-4 yr;0;0;190;0;2;0;0;19;0
2015;4;0-4 yr;0;0;187;2;2;0;0;20;0
2015;5;0-4 yr;0;0;146;0;1;0;0;21;0
2015;6;0-4 yr;0;0;87;0;2;0;0;11;0
2015;7;0-4 yr;0;0;60;0;1;0;0;22;0
2015;8;0-4 yr;0;0;36;2;0;0;0;36;0
2015;9;0-4 yr;0;0;32;0;0;0;0;30;0
2015;10;0-4 yr;0;0;17;2;1;0;0;24;0
2015;11;0-4 yr;0;0;20;0;0;0;0;41;0
2015;12;0-4 yr;0;0;14;0;0;0;0;17;0
2015;13;0-4 yr;0;0;6;0;0;0;0;25;0
2015;14;0-4 yr;0;0;4;0;0;0;0;22;0
2015;15;0-4 yr;0;0;1;0;0;0;0;26;0
2015;16;0-4 yr;0;0;0;1;0;0;0;18;0
2015;17;0-4 yr;0;0;2;1;0;0;0;14;0
2015;18;0-4 yr;0;0;0;0;0;0;0;6;0
2015;19;0-4 yr;0;0;1;1;0;0;0;13;0
2015;20;0-4 yr;0;0;1;0;0;0;0;9;0
2015;21;0-4 yr;0;0;1;0;0;0;0;8;0
2015;22;0-4 yr;0;0;0;0;0;0;0;7;0
2015;23;0-4 yr;0;0;0;0;1;0;0;9;0
2015;24;0-4 yr;0;0;0;0;0;0;0;1;0
2015;25;0-4 yr;0;0;0;0;0;0;0;4;0
2015;26;0-4 yr;0;0;0;0;0;0;0;2;0
2015;27;0-4 yr;0;0;1;0;0;0;0;4;0
2015;28;0-4 yr;0;0;0;0;0;0;0;4;0
2015;29;0-4 yr;0;0;1;0;0;0;0;4;0
2015;30;0-4 yr;0;0;0;0;0;0;0;0;0
2015;31;0-4 yr;0;0;0;0;0;0;0;2;0
2015;32;0-4 yr;0;0;2;1;2;0;0;1;0
2015;33;0-4 yr;0;0;0;0;0;0;0;0;0
2015;34;0-4 yr;0;0;1;0;1;0;0;2;0
2015;35;0-4 yr;0;0;3;0;0;0;0;0;0
2015;36;0-4 yr;0;0;4;0;0;0;0;4;0
2015;37;0-4 yr;0;0;9;0;0;0;0;2;0
2015;38;0-4 yr;0;0;2;1;0;0;0;2;0
2015;39;0-4 yr;0;0;2;0;0;0;0;5;0
2014;40;5-24 yr;0;0;27;1;0;0;0;9;0
2014;41;5-24 yr;0;0;48;1;0;0;0;14;0
2014;42;5-24 yr;0;0;83;1;0;0;0;11;1
2014;43;5-24 yr;0;0;97;2;0;0;0;10;0
2014;44;5-24 yr;0;0;117;0;1;0;0;9;0
2014;45;5-24 yr;0;0;222;1;3;0;0;12;0
2014;46;5-24 yr;0;0;228;4;4;0;0;9;0
2014;47;5-24 yr;0;0;380;2;9;0;0;22;0
2014;48;5-24 yr;0;0;403;0;4;0;0;19;0
2014;49;5-24 yr;0;0;593;2;1;0;0;19;0
2014;50;5-24 yr;0;0;1010;0;10;0;0;47;0
2014;51;5-24 yr;0;0;994;0;4;0;0;36;0
2014;52;5-24 yr;0;0;676;0;5;0;0;30;0
2014;53;5-24 yr;0;0;347;0;6;0;0;21;0
2015;1;5-24 yr;0;0;456;2;3;0;0;28;0
2015;2;5-24 yr;0;0;680;0;3;0;0;34;0
2015;3;5-24 yr;0;0;707;1;5;0;0;56;0
2015;4;5-24 yr;0;0;643;1;2;0;0;56;0
2015;5;5-24 yr;0;0;469;1;4;0;0;79;0
2015;6;5-24 yr;0;0;264;0;3;0;0;81;0
2015;7;5-24 yr;0;0;149;1;1;0;0;81;0
2015;8;5-24 yr;0;0;134;1;3;0;0;104;0
2015;9;5-24 yr;0;0;95;0;2;0;0;115;0
2015;10;5-24 yr;0;0;50;1;2;0;0;123;0
2015;11;5-24 yr;0;0;42;0;1;0;0;101;0
2015;12;5-24 yr;0;0;26;0;0;0;0;123;0
2015;13;5-24 yr;0;0;21;1;1;0;0;95;0
2015;14;5-24 yr;0;0;6;1;0;0;0;79;0
2015;15;5-24 yr;0;0;15;2;0;0;0;68;0
2015;16;5-24 yr;0;0;4;1;0;0;0;56;0
2015;17;5-24 yr;0;0;5;0;0;0;0;45;0
2015;18;5-24 yr;0;0;0;0;0;0;0;53;0
2015;19;5-24 yr;0;0;3;0;0;0;0;35;0
2015;20;5-24 yr;0;0;2;1;0;0;0;35;0
2015;21;5-24 yr;0;0;2;0;0;0;0;15;0
2015;22;5-24 yr;0;0;1;0;0;0;0;22;0
2015;23;5-24 yr;0;0;2;0;0;0;0;18;0
2015;24;5-24 yr;0;0;1;0;0;0;0;14;0
2015;25;5-24 yr;0;0;7;0;0;0;0;9;0
2015;26;5-24 yr;0;0;4;0;1;0;0;2;0
2015;27;5-24 yr;0;0;6;0;0;0;0;3;1
2015;28;5-24 yr;0;0;3;0;1;0;0;4;0
2015;29;5-24 yr;0;0;3;1;0;0;0;2;0
2015;30;5-24 yr;0;0;6;0;0;0;0;1;0
2015;31;5-24 yr;0;0;6;1;1;0;0;2;0
2015;32;5-24 yr;0;0;2;0;0;0;0;3;0
2015;33;5-24 yr;0;0;5;1;1;0;0;2;0
2015;34;5-24 yr;0;0;9;0;0;0;0;4;0
2015;35;5-24 yr;0;0;16;3;0;0;0;6;0
2015;36;5-24 yr;0;0;4;0;0;0;0;8;0
2015;37;5-24 yr;0;0;8;3;0;0;0;4;0
2015;38;5-24 yr;0;0;7;0;0;0;0;7;0
2015;39;5-24 yr;0;0;20;0;0;0;0;5;0
2014;40;25-64 yr;0;0;23;1;0;0;0;7;0
2014;41;25-64 yr;0;0;27;3;0;0;0;11;0
2014;42;25-64 yr;0;0;33;2;2;0;0;10;0
2014;43;25-64 yr;0;0;45;3;0;0;0;13;0
2014;44;25-64 yr;0;0;46;1;1;0;0;7;0
2014;45;25-64 yr;0;0;97;4;1;0;0;7;0
2014;46;25-64 yr;0;0;122;2;2;0;0;7;0
2014;47;25-64 yr;0;0;185;1;0;0;0;9;0
2014;48;25-64 yr;0;0;289;3;2;0;0;11;0
2014;49;25-64 yr;0;0;584;3;2;0;0;24;0
2014;50;25-64 yr;0;0;718;3;5;0;0;31;0
2014;51;25-64 yr;0;0;941;2;11;0;0;33;0
2014;52;25-64 yr;0;0;954;2;8;0;0;25;0
2014;53;25-64 yr;0;0;847;0;4;0;0;37;0
2015;1;25-64 yr;0;0;799;2;10;0;0;29;0
2015;2;25-64 yr;0;0;682;3;7;0;0;39;0
2015;3;25-64 yr;0;0;582;0;12;0;0;61;0
2015;4;25-64 yr;0;0;503;2;2;0;0;66;0
2015;5;25-64 yr;0;0;431;4;2;0;0;68;0
2015;6;25-64 yr;0;0;256;2;5;0;0;93;0
2015;7;25-64 yr;0;0;184;2;2;0;0;80;0
2015;8;25-64 yr;0;0;148;7;4;0;0;99;0
2015;9;25-64 yr;0;0;128;1;3;0;0;134;0
2015;10;25-64 yr;0;0;78;3;2;0;0;126;0
2015;11;25-64 yr;0;0;58;0;2;0;0;142;0
2015;12;25-64 yr;0;0;32;2;0;0;0;121;0
2015;13;25-64 yr;0;0;26;2;1;0;0;125;0
2015;14;25-64 yr;0;0;18;4;0;0;0;125;0
2015;15;25-64 yr;0;0;17;5;1;0;0;88;0
2015;16;25-64 yr;0;0;11;0;1;0;0;64;0
2015;17;25-64 yr;0;0;3;0;2;0;0;58;0
2015;18;25-64 yr;0;0;1;1;0;0;0;54;0
2015;19;25-64 yr;0;0;2;1;1;0;0;43;0
2015;20;25-64 yr;0;0;8;0;0;0;0;32;0
2015;21;25-64 yr;0;0;7;0;1;0;0;24;0
2015;22;25-64 yr;0;0;8;0;0;0;0;12;0
2015;23;25-64 yr;0;0;6;1;0;0;0;17;0
2015;24;25-64 yr;0;0;14;0;0;0;0;18;0
2015;25;25-64 yr;0;0;16;0;1;0;0;4;0
2015;26;25-64 yr;0;0;21;2;4;0;0;2;0
2015;27;25-64 yr;0;0;13;4;0;0;0;3;0
2015;28;25-64 yr;0;0;15;0;1;0;0;2;0
2015;29;25-64 yr;0;0;8;1;0;0;0;0;0
2015;30;25-64 yr;0;0;6;0;0;0;0;0;0
2015;31;25-64 yr;0;0;18;3;0;0;0;4;0
2015;32;25-64 yr;0;0;11;0;0;0;0;2;0
2015;33;25-64 yr;0;0;18;0;0;0;0;0;0
2015;34;25-64 yr;0;0;12;3;0;0;0;2;0
2015;35;25-64 yr;0;0;10;0;0;0;0;4;0
2015;36;25-64 yr;0;0;25;1;2;0;0;3;0
2015;37;25-64 yr;0;0;27;1;1;0;0;14;0
2015;38;25-64 yr;0;0;20;0;2;0;0;3;0
2015;39;25-64 yr;0;0;21;2;1;0;0;11;0
2014;40;65+ yr;0;0;22;0;1;0;0;5;0
2014;41;65+ yr;0;0;17;0;0;0;0;4;0
2014;42;65+ yr;0;0;36;1;0;0;0;0;0
2014;43;65+ yr;0;0;19;0;0;0;0;1;0
2014;44;65+ yr;0;0;41;1;1;0;0;5;0
2014;45;65+ yr;0;0;47;1;1;0;0;3;0
2014;46;65+ yr;0;0;70;0;0;0;0;2;0
2014;47;65+ yr;0;0;126;0;1;0;0;4;0
2014;48;65+ yr;0;0;232;0;1;0;0;3;0
2014;49;65+ yr;0;0;490;0;1;0;0;7;0
2014;50;65+ yr;0;0;844;1;6;0;0;10;0
2014;51;65+ yr;0;0;1117;0;17;0;0;17;0
2014;52;65+ yr;0;0;1749;0;11;0;0;13;0
2014;53;65+ yr;0;0;1842;0;23;0;0;23;0
2015;1;65+ yr;0;0;1501;1;8;0;0;22;0
2015;2;65+ yr;0;0;986;0;8;0;0;21;0
2015;3;65+ yr;0;0;761;0;12;0;0;26;0
2015;4;65+ yr;0;0;680;0;4;0;0;45;0
2015;5;65+ yr;0;0;550;0;2;0;0;43;0
2015;6;65+ yr;0;0;335;0;2;0;0;42;0
2015;7;65+ yr;0;0;269;0;1;0;0;49;0
2015;8;65+ yr;0;0;223;0;0;0;0;62;0
2015;9;65+ yr;0;0;154;0;0;0;0;65;0
2015;10;65+ yr;0;0;115;0;0;0;0;95;0
2015;11;65+ yr;0;0;108;1;5;0;0;88;0
2015;12;65+ yr;0;0;70;1;0;0;0;85;0
2015;13;65+ yr;0;0;46;0;2;0;0;82;0
2015;14;65+ yr;0;0;25;1;0;0;0;107;0
2015;15;65+ yr;0;0;11;1;1;0;0;75;0
2015;16;65+ yr;0;0;14;0;0;0;0;40;0
2015;17;65+ yr;0;0;3;0;0;0;0;31;0
2015;18;65+ yr;0;0;5;0;0;0;0;32;0
2015;19;65+ yr;0;0;3;0;0;0;0;18;0
2015;20;65+ yr;0;0;3;0;0;0;0;12;0
2015;21;65+ yr;0;0;5;0;0;0;0;12;0
2015;22;65+ yr;0;0;8;0;0;0;0;15;0
2015;23;65+ yr;0;0;6;0;0;0;0;6;0
2015;24;65+ yr;0;0;29;0;1;0;0;8;0
2015;25;65+ yr;0;0;18;0;1;0;0;4;0
2015;26;65+ yr;0;0;22;0;1;0;0;1;0
2015;27;65+ yr;0;0;13;0;2;0;0;1;0
2015;28;65+ yr;0;0;9;2;0;0;0;1;0
2015;29;65+ yr;0;0;12;0;2;0;0;0;0
2015;30;65+ yr;0;0;28;0;0;0;0;0;0
2015;31;65+ yr;0;0;20;0;0;0;0;3;0
2015;32;65+ yr;0;0;9;0;1;0;0;1;0
2015;33;65+ yr;0;0;24;0;1;0;0;1;0
2015;34;65+ yr;0;0;13;0;0;0;0;0;0
2015;35;65+ yr;0;0;26;0;1;0;0;0;0
2015;36;65+ yr;0;0;27;0;0;0;0;1;0
2015;37;65+ yr;0;0;30;0;0;0;0;2;0
2015;38;65+ yr;0;0;19;0;1;0;0;2;0
2015;39;65+ yr;0;0;20;1;0;0;0;4;0
2013;40;0-4 yr;0;0;1;8;0;0;0;1;1
2013;41;0-4 yr;0;0;4;4;0;0;0;0;0
2013;42;0-4 yr;0;0;1;6;1;0;0;0;0
2013;43;0-4 yr;0;0;3;10;0;0;0;0;0
2013;44;0-4 yr;0;0;0;11;0;0;0;5;0
2013;45;0-4 yr;0;0;5;19;0;0;0;2;0
2013;46;0-4 yr;0;0;1;29;0;0;0;2;0
2013;47;0-4 yr;0;0;4;44;0;0;0;4;0
2013;48;0-4 yr;0;0;4;44;0;0;0;0;0
2013;49;0-4 yr;0;0;1;106;1;0;0;1;0
2013;50;0-4 yr;0;0;2;127;0;0;0;1;0
2013;51;0-4 yr;0;0;6;161;3;0;0;0;0
2013;52;0-4 yr;0;0;6;286;3;0;0;3;0
2014;1;0-4 yr;0;0;7;345;0;0;0;1;0
2014;2;0-4 yr;0;0;7;292;1;0;0;1;0
2014;3;0-4 yr;0;0;9;272;2;0;0;3;0
2014;4;0-4 yr;0;0;7;245;0;0;0;9;0
2014;5;0-4 yr;0;0;6;164;0;0;0;6;0
2014;6;0-4 yr;0;0;5;119;0;0;0;8;0
2014;7;0-4 yr;0;0;3;86;2;0;0;8;0
2014;8;0-4 yr;0;0;4;56;0;0;0;13;0
2014;9;0-4 yr;0;0;4;48;3;0;0;16;0
2014;10;0-4 yr;0;0;7;27;0;0;0;13;0
2014;11;0-4 yr;0;0;14;22;1;0;0;14;0
2014;12;0-4 yr;0;0;9;17;1;0;0;12;0
2014;13;0-4 yr;0;0;9;9;0;0;0;10;0
2014;14;0-4 yr;0;0;5;13;1;0;0;15;0
2014;15;0-4 yr;0;0;7;6;0;0;0;16;0
2014;16;0-4 yr;0;0;12;4;1;0;0;16;0
2014;17;0-4 yr;0;0;4;3;0;0;0;11;0
2014;18;0-4 yr;0;0;7;1;2;0;0;8;0
2014;19;0-4 yr;0;0;8;1;0;0;0;12;0
2014;20;0-4 yr;0;0;3;0;0;0;0;12;0
2014;21;0-4 yr;0;0;12;0;0;0;0;7;0
2014;22;0-4 yr;0;0;13;0;0;0;0;25;0
2014;23;0-4 yr;0;0;12;0;0;0;0;9;0
2014;24;0-4 yr;0;0;12;0;0;0;0;8;0
2014;25;0-4 yr;0;0;9;1;0;0;0;11;0
2014;26;0-4 yr;0;0;4;1;0;0;0;11;0
2014;27;0-4 yr;0;0;2;1;0;0;0;3;0
2014;28;0-4 yr;0;0;7;0;0;0;0;2;0
2014;29;0-4 yr;0;0;3;0;0;0;0;4;0
2014;30;0-4 yr;0;0;10;0;0;0;0;2;0
2014;31;0-4 yr;0;0;12;0;0;0;0;0;0
2014;32;0-4 yr;0;0;5;0;0;0;0;0;1
2014;33;0-4 yr;0;0;4;0;0;0;0;0;0
2014;34;0-4 yr;0;0;4;0;0;0;0;1;0
2014;35;0-4 yr;0;0;9;1;0;0;0;3;0
2014;36;0-4 yr;0;0;5;1;1;0;0;2;0
2014;37;0-4 yr;0;0;4;1;0;0;0;4;0
2014;38;0-4 yr;0;0;9;1;0;0;0;0;0
2014;39;0-4 yr;0;0;11;0;0;0;0;1;0
2013;40;5-24 yr;0;0;3;25;0;0;0;4;0
2013;41;5-24 yr;0;0;3;23;1;0;0;4;0
2013;42;5-24 yr;0;0;4;17;0;0;0;3;0
2013;43;5-24 yr;0;0;2;16;0;0;0;0;0
2013;44;5-24 yr;0;0;5;31;1;0;0;7;0
2013;45;5-24 yr;0;0;7;50;0;0;0;2;0
2013;46;5-24 yr;0;0;3;69;0;0;0;0;0
2013;47;5-24 yr;0;0;2;121;0;0;0;4;0
2013;48;5-24 yr;0;0;12;95;1;0;0;5;0
2013;49;5-24 yr;0;0;13;198;1;0;0;3;0
2013;50;5-24 yr;0;0;25;340;2;0;0;5;0
2013;51;5-24 yr;0;0;9;396;8;0;0;3;0
2013;52;5-24 yr;0;0;5;432;3;0;0;2;0
2014;1;5-24 yr;0;0;12;378;4;0;0;5;0
2014;2;5-24 yr;0;0;15;513;5;0;0;5;0
2014;3;5-24 yr;0;0;35;615;4;0;0;9;0
2014;4;5-24 yr;0;0;29;577;5;0;0;14;0
2014;5;5-24 yr;0;0;19;384;10;0;0;22;0
2014;6;5-24 yr;0;0;32;277;3;0;0;22;0
2014;7;5-24 yr;0;0;29;192;2;0;0;41;0
2014;8;5-24 yr;0;0;19;143;1;0;0;23;0
2014;9;5-24 yr;0;0;18;134;4;0;0;43;0
2014;10;5-24 yr;0;0;25;68;4;0;0;40;0
2014;11;5-24 yr;0;0;28;72;1;0;0;43;0
2014;12;5-24 yr;0;0;27;28;4;0;0;69;0
2014;13;5-24 yr;0;0;44;23;1;0;0;66;0
2014;14;5-24 yr;0;0;52;25;0;0;0;59;0
2014;15;5-24 yr;0;0;33;7;1;0;0;68;0
2014;16;5-24 yr;0;0;49;4;0;0;0;66;0
2014;17;5-24 yr;0;0;29;3;2;0;0;52;0
2014;18;5-24 yr;0;0;29;0;1;0;0;46;0
2014;19;5-24 yr;0;0;29;1;2;0;0;50;0
2014;20;5-24 yr;0;0;31;1;2;0;0;38;0
2014;21;5-24 yr;0;0;18;0;0;0;0;40;0
2014;22;5-24 yr;0;0;34;0;1;0;0;27;0
2014;23;5-24 yr;0;0;17;2;0;0;0;19;0
2014;24;5-24 yr;0;0;13;0;0;0;0;18;0
2014;25;5-24 yr;0;0;13;0;1;0;0;14;0
2014;26;5-24 yr;0;0;7;0;0;0;0;17;0
2014;27;5-24 yr;0;0;12;0;0;0;0;13;0
2014;28;5-24 yr;0;0;16;0;0;0;0;11;0
2014;29;5-24 yr;0;0;10;0;0;0;0;11;0
2014;30;5-24 yr;0;0;9;0;0;0;0;10;0
2014;31;5-24 yr;0;0;13;1;0;0;0;10;0
2014;32;5-24 yr;0;0;14;2;2;0;0;4;0
2014;33;5-24 yr;0;0;8;0;0;0;0;3;0
2014;34;5-24 yr;0;0;8;0;0;0;0;7;1
2014;35;5-24 yr;0;0;16;3;0;0;0;6;0
2014;36;5-24 yr;0;0;13;1;0;0;0;8;0
2014;37;5-24 yr;0;0;14;0;0;0;0;11;0
2014;38;5-24 yr;0;0;22;1;0;0;0;4;0
2014;39;5-24 yr;0;0;25;0;1;0;0;6;0
2013;40;25-64 yr;0;0;2;28;0;0;0;1;0
2013;41;25-64 yr;0;0;6;22;0;0;0;0;0
2013;42;25-64 yr;0;0;4;21;0;0;0;2;0
2013;43;25-64 yr;0;0;7;39;0;0;0;0;0
2013;44;25-64 yr;0;0;9;31;2;0;0;1;0
2013;45;25-64 yr;0;0;6;58;0;0;0;5;0
2013;46;25-64 yr;0;0;11;120;5;0;0;2;0
2013;47;25-64 yr;0;0;6;174;1;0;0;2;0
2013;48;25-64 yr;0;0;5;208;0;0;0;0;0
2013;49;25-64 yr;0;0;9;442;2;0;0;8;0
2013;50;25-64 yr;0;0;17;500;3;0;0;3;0
2013;51;25-64 yr;0;0;16;863;4;0;0;5;0
2013;52;25-64 yr;0;0;17;1134;9;0;0;5;0
2014;1;25-64 yr;0;0;26;1327;8;0;0;5;0
2014;2;25-64 yr;0;0;27;1500;17;0;0;2;0
2014;3;25-64 yr;0;0;34;1297;14;0;0;6;0
2014;4;25-64 yr;0;0;40;998;30;0;0;14;0
2014;5;25-64 yr;0;0;27;765;13;0;0;13;0
2014;6;25-64 yr;0;0;35;670;5;0;0;31;0
2014;7;25-64 yr;0;0;24;460;7;0;0;30;0
2014;8;25-64 yr;0;0;23;351;11;0;0;49;0
2014;9;25-64 yr;0;0;28;234;7;0;0;41;0
2014;10;25-64 yr;0;0;34;189;3;0;0;59;0
2014;11;25-64 yr;0;0;30;148;1;0;0;46;0
2014;12;25-64 yr;0;0;34;95;5;0;0;89;0
2014;13;25-64 yr;0;0;40;61;1;0;0;88;0
2014;14;25-64 yr;0;0;54;42;0;0;0;111;0
2014;15;25-64 yr;0;0;38;19;2;0;0;122;0
2014;16;25-64 yr;0;0;41;7;2;0;0;84;0
2014;17;25-64 yr;0;0;50;10;1;0;0;105;0
2014;18;25-64 yr;0;0;23;6;1;0;0;68;0
2014;19;25-64 yr;0;0;28;5;1;0;0;61;0
2014;20;25-64 yr;0;0;31;5;0;0;0;74;0
2014;21;25-64 yr;0;0;29;0;2;0;0;48;0
2014;22;25-64 yr;0;0;32;1;1;0;0;41;0
2014;23;25-64 yr;0;0;39;1;0;0;0;35;0
2014;24;25-64 yr;0;0;38;3;2;0;0;24;0
2014;25;25-64 yr;0;0;27;1;0;0;0;19;0
2014;26;25-64 yr;0;0;22;0;0;0;0;22;0
2014;27;25-64 yr;0;0;18;1;0;0;0;13;0
2014;28;25-64 yr;0;0;19;1;0;0;0;11;0
2014;29;25-64 yr;0;0;14;0;0;0;0;14;0
2014;30;25-64 yr;0;0;11;1;1;0;0;6;0
2014;31;25-64 yr;0;0;18;0;0;0;0;11;0
2014;32;25-64 yr;0;0;15;3;0;0;0;7;0
2014;33;25-64 yr;0;0;23;0;0;0;0;10;0
2014;34;25-64 yr;0;0;11;2;0;0;0;8;0
2014;35;25-64 yr;0;0;12;2;0;0;0;6;0
2014;36;25-64 yr;0;0;14;5;0;0;0;5;0
2014;37;25-64 yr;0;0;26;0;1;0;0;5;0
2014;38;25-64 yr;0;0;20;2;1;0;0;3;0
2014;39;25-64 yr;0;0;26;0;1;0;0;6;0
2013;40;65+ yr;0;0;4;2;0;0;0;0;0
2013;41;65+ yr;0;0;7;4;0;0;0;0;0
2013;42;65+ yr;0;0;6;4;0;0;0;0;0
2013;43;65+ yr;0;0;4;4;0;0;0;0;0
2013;44;65+ yr;0;0;8;6;1;0;0;1;0
2013;45;65+ yr;0;0;5;8;0;0;0;1;0
2013;46;65+ yr;0;0;2;12;0;0;0;0;0
2013;47;65+ yr;0;0;2;18;0;0;0;1;0
2013;48;65+ yr;0;0;3;31;0;0;0;0;0
2013;49;65+ yr;0;0;3;45;0;0;0;1;0
2013;50;65+ yr;0;0;4;58;0;0;0;0;0
2013;51;65+ yr;0;0;7;123;1;0;0;1;0
2013;52;65+ yr;0;0;10;230;1;0;0;0;0
2014;1;65+ yr;0;0;30;347;7;0;0;3;0
2014;2;65+ yr;0;0;35;319;3;0;0;0;0
2014;3;65+ yr;0;0;20;292;4;0;0;2;0
2014;4;65+ yr;0;0;38;228;6;0;0;8;0
2014;5;65+ yr;0;0;27;153;8;0;0;1;0
2014;6;65+ yr;0;0;37;178;2;0;0;6;0
2014;7;65+ yr;0;0;20;114;3;0;0;8;0
2014;8;65+ yr;0;0;22;105;1;0;0;17;0
2014;9;65+ yr;0;0;25;49;1;0;0;11;0
2014;10;65+ yr;0;0;19;34;0;0;0;16;0
2014;11;65+ yr;0;0;39;35;1;0;0;27;0
2014;12;65+ yr;0;0;61;18;0;0;0;26;0
2014;13;65+ yr;0;0;53;19;4;0;0;39;0
2014;14;65+ yr;0;0;59;10;3;0;0;56;0
2014;15;65+ yr;0;0;62;8;0;0;0;81;0
2014;16;65+ yr;0;0;48;3;1;0;0;64;0
2014;17;65+ yr;0;0;54;8;2;0;0;61;0
2014;18;65+ yr;0;0;52;2;1;0;0;62;0
2014;19;65+ yr;0;0;19;0;1;0;0;40;0
2014;20;65+ yr;0;0;27;0;5;0;0;29;0
2014;21;65+ yr;0;0;32;0;0;0;0;21;0
2014;22;65+ yr;0;0;22;0;0;0;0;25;0
2014;23;65+ yr;0;0;17;0;0;0;0;10;0
2014;24;65+ yr;0;0;27;0;0;0;0;7;0
2014;25;65+ yr;0;0;15;0;0;0;0;8;0
2014;26;65+ yr;0;0;8;0;0;0;0;6;0
2014;27;65+ yr;0;0;13;0;0;0;0;4;0
2014;28;65+ yr;0;0;7;0;1;0;0;7;0
2014;29;65+ yr;0;0;9;0;0;0;0;1;0
2014;30;65+ yr;0;0;6;0;0;0;0;3;0
2014;31;65+ yr;0;0;8;0;0;0;0;4;0
2014;32;65+ yr;0;0;7;0;0;0;0;0;0
2014;33;65+ yr;0;0;14;0;0;0;0;0;0
2014;34;65+ yr;0;0;21;0;0;0;0;2;0
2014;35;65+ yr;0;0;23;0;0;0;0;2;0
2014;36;65+ yr;0;0;9;0;0;0;0;1;0
2014;37;65+ yr;0;0;20;0;0;0;0;4;0
2014;38;65+ yr;0;0;24;1;1;0;0;3;0
2014;39;65+ yr;0;0;21;0;0;0;0;2;0
2012;40;0-4 yr;0;0;4;3;0;0;0;7;0
2012;41;0-4 yr;0;0;12;0;0;0;0;6;0
2012;42;0-4 yr;0;0;17;0;0;0;0;9;0
2012;43;0-4 yr;0;0;27;0;0;0;0;15;0
2012;44;0-4 yr;0;0;31;1;0;0;0;13;0
2012;45;0-4 yr;0;0;34;1;0;0;0;26;0
2012;46;0-4 yr;0;0;51;2;0;0;0;24;1
2012;47;0-4 yr;0;0;98;1;3;0;0;25;0
2012;48;0-4 yr;0;0;120;3;0;0;0;38;0
2012;49;0-4 yr;0;0;175;5;1;0;0;43;0
2012;50;0-4 yr;0;0;314;5;1;0;0;50;0
2012;51;0-4 yr;0;0;374;8;2;0;0;65;0
2012;52;0-4 yr;0;0;445;6;2;0;0;57;0
2013;1;0-4 yr;0;0;340;11;1;0;0;64;0
2013;2;0-4 yr;0;0;279;9;2;0;0;60;0
2013;3;0-4 yr;0;0;244;13;1;0;0;47;0
2013;4;0-4 yr;0;0;213;17;2;0;0;59;0
2013;5;0-4 yr;0;0;126;10;0;0;0;47;0
2013;6;0-4 yr;0;0;117;15;3;0;0;57;0
2013;7;0-4 yr;0;0;86;7;1;0;0;64;0
2013;8;0-4 yr;0;0;42;8;0;0;0;71;0
2013;9;0-4 yr;0;0;41;5;1;0;0;48;0
2013;10;0-4 yr;0;0;40;4;1;0;0;55;0
2013;11;0-4 yr;0;0;23;5;0;0;0;51;0
2013;12;0-4 yr;0;0;18;4;0;0;0;86;0
2013;13;0-4 yr;0;0;15;5;0;0;0;56;0
2013;14;0-4 yr;0;0;14;5;0;0;0;43;0
2013;15;0-4 yr;0;0;11;5;0;0;0;39;0
2013;16;0-4 yr;0;0;3;8;0;0;0;20;0
2013;17;0-4 yr;0;0;9;8;0;0;0;19;0
2013;18;0-4 yr;0;0;6;2;0;0;0;23;0
2013;19;0-4 yr;0;0;4;3;0;0;0;15;0
2013;20;0-4 yr;0;0;4;4;0;0;0;12;0
2013;21;0-4 yr;0;0;5;3;0;0;0;16;0
2013;22;0-4 yr;0;0;4;3;0;0;0;7;0
2013;23;0-4 yr;0;0;3;2;0;0;0;9;0
2013;24;0-4 yr;0;0;5;4;0;0;0;9;0
2013;25;0-4 yr;0;0;0;7;0;0;0;10;1
2013;26;0-4 yr;0;0;0;10;0;0;0;2;0
2013;27;0-4 yr;0;0;2;3;0;0;0;3;1
2013;28;0-4 yr;0;0;3;3;0;0;0;2;0
2013;29;0-4 yr;0;0;0;3;0;0;0;1;1
2013;30;0-4 yr;0;0;0;3;0;0;0;0;0
2013;31;0-4 yr;0;0;0;4;0;0;0;2;1
2013;32;0-4 yr;0;0;0;5;0;0;0;2;0
2013;33;0-4 yr;0;0;0;2;0;0;0;0;0
2013;34;0-4 yr;0;0;0;1;0;0;0;0;0
2013;35;0-4 yr;0;0;0;1;0;0;0;1;0
2013;36;0-4 yr;0;0;1;5;0;0;0;1;0
2013;37;0-4 yr;0;0;1;6;0;0;0;1;0
2013;38;0-4 yr;0;0;1;6;0;0;0;0;0
2013;39;0-4 yr;0;0;2;7;0;0;0;0;0
2012;40;5-24 yr;0;0;26;5;0;0;0;22;0
2012;41;5-24 yr;0;0;26;5;0;0;0;24;0
2012;42;5-24 yr;0;0;38;1;0;0;0;30;0
2012;43;5-24 yr;0;0;67;1;0;0;0;44;0
2012;44;5-24 yr;0;0;64;0;0;0;0;45;0
2012;45;5-24 yr;0;0;115;1;1;0;0;61;0
2012;46;5-24 yr;0;0;138;4;2;0;0;66;1
2012;47;5-24 yr;0;0;203;0;1;0;0;82;0
2012;48;5-24 yr;0;0;294;6;6;0;0;82;0
2012;49;5-24 yr;0;0;640;11;6;0;0;143;0
2012;50;5-24 yr;0;0;946;11;1;0;0;190;0
2012;51;5-24 yr;0;0;1026;11;1;0;0;218;0
2012;52;5-24 yr;0;0;610;16;2;0;0;146;0
2013;1;5-24 yr;0;0;371;16;6;0;0;78;0
2013;2;5-24 yr;0;0;612;35;2;0;0;137;0
2013;3;5-24 yr;0;0;635;19;5;0;0;195;0
2013;4;5-24 yr;0;0;477;30;2;0;0;208;0
2013;5;5-24 yr;0;0;362;44;3;0;0;201;0
2013;6;5-24 yr;0;0;240;23;2;0;0;235;0
2013;7;5-24 yr;0;0;156;17;2;0;0;204;0
2013;8;5-24 yr;0;0;100;16;0;0;0;201;0
2013;9;5-24 yr;0;0;87;13;0;0;0;182;0
2013;10;5-24 yr;0;0;51;10;2;0;0;197;0
2013;11;5-24 yr;0;0;48;15;0;0;0;194;0
2013;12;5-24 yr;0;0;28;4;0;0;0;167;0
2013;13;5-24 yr;0;0;24;13;0;0;0;140;0
2013;14;5-24 yr;0;0;26;4;0;0;0;101;0
2013;15;5-24 yr;0;0;10;9;1;0;0;91;0
2013;16;5-24 yr;0;0;10;2;0;0;0;69;0
2013;17;5-24 yr;0;0;15;7;0;0;0;67;0
2013;18;5-24 yr;0;0;13;2;0;0;0;64;0
2013;19;5-24 yr;0;0;4;1;0;0;0;43;0
2013;20;5-24 yr;0;0;8;3;0;0;0;39;0
2013;21;5-24 yr;0;0;4;3;0;0;0;35;0
2013;22;5-24 yr;0;0;4;4;0;0;0;21;0
2013;23;5-24 yr;0;0;1;5;0;0;0;18;0
2013;24;5-24 yr;0;0;2;5;0;0;0;17;0
2013;25;5-24 yr;0;0;1;8;0;0;0;13;1
2013;26;5-24 yr;0;0;1;6;0;0;0;8;6
2013;27;5-24 yr;0;0;2;6;0;0;0;7;3
2013;28;5-24 yr;0;0;3;3;0;0;0;3;0
2013;29;5-24 yr;0;0;2;2;0;0;0;0;0
2013;30;5-24 yr;0;0;4;4;0;0;0;3;0
2013;31;5-24 yr;0;0;0;8;0;0;0;4;1
2013;32;5-24 yr;0;0;0;7;0;0;0;3;0
2013;33;5-24 yr;0;0;0;4;0;0;0;1;0
2013;34;5-24 yr;0;0;1;6;0;0;0;1;1
2013;35;5-24 yr;0;0;0;19;1;0;0;1;1
2013;36;5-24 yr;0;0;2;4;0;0;0;1;0
2013;37;5-24 yr;0;0;0;21;0;0;0;1;0
2013;38;5-24 yr;0;0;1;10;1;0;0;1;0
2013;39;5-24 yr;0;0;0;18;0;0;0;3;0
2012;40;25-64 yr;0;0;26;1;1;0;0;3;0
2012;41;25-64 yr;0;0;16;1;0;0;0;5;0
2012;42;25-64 yr;0;0;44;2;3;0;0;9;0
2012;43;25-64 yr;0;0;35;1;0;0;0;9;0
2012;44;25-64 yr;0;0;54;1;2;0;0;12;0
2012;45;25-64 yr;0;0;81;2;3;0;0;18;0
2012;46;25-64 yr;0;0;122;2;0;0;0;22;0
2012;47;25-64 yr;0;0;166;2;1;0;0;31;0
2012;48;25-64 yr;0;0;336;8;1;0;0;58;0
2012;49;25-64 yr;0;0;520;18;8;0;0;68;0
2012;50;25-64 yr;0;0;722;18;6;0;0;70;0
2012;51;25-64 yr;0;0;979;28;6;0;0;95;0
2012;52;25-64 yr;0;0;1036;45;9;0;0;96;0
2013;1;25-64 yr;0;0;876;42;10;0;0;112;0
2013;2;25-64 yr;0;0;969;46;13;0;0;137;0
2013;3;25-64 yr;0;0;657;43;9;0;0;95;0
2013;4;25-64 yr;0;0;560;48;10;0;0;112;0
2013;5;25-64 yr;0;0;475;49;3;0;0;106;0
2013;6;25-64 yr;0;0;229;44;2;0;0;82;0
2013;7;25-64 yr;0;0;201;32;4;0;0;134;0
2013;8;25-64 yr;0;0;142;33;1;0;0;136;0
2013;9;25-64 yr;0;0;111;23;2;0;0;133;0
2013;10;25-64 yr;0;0;73;26;1;0;0;108;0
2013;11;25-64 yr;0;0;51;14;0;0;0;121;0
2013;12;25-64 yr;0;0;42;20;0;0;0;100;0
2013;13;25-64 yr;0;0;27;13;0;0;0;96;0
2013;14;25-64 yr;0;0;36;15;0;0;0;98;0
2013;15;25-64 yr;0;0;17;24;0;0;0;63;0
2013;16;25-64 yr;0;0;27;14;0;0;0;55;0
2013;17;25-64 yr;0;0;17;15;2;0;0;31;0
2013;18;25-64 yr;0;0;17;12;2;0;0;33;0
2013;19;25-64 yr;0;0;11;7;1;0;0;20;0
2013;20;25-64 yr;0;0;6;4;0;0;0;10;0
2013;21;25-64 yr;0;0;7;7;0;0;0;11;0
2013;22;25-64 yr;0;0;5;5;0;0;0;14;0
2013;23;25-64 yr;0;0;5;2;0;0;0;14;0
2013;24;25-64 yr;0;0;3;10;1;0;0;7;0
2013;25;25-64 yr;0;0;5;11;1;0;0;8;0
2013;26;25-64 yr;0;0;1;16;0;0;0;11;0
2013;27;25-64 yr;0;0;6;8;0;0;0;2;0
2013;28;25-64 yr;0;0;2;12;1;0;0;3;0
2013;29;25-64 yr;0;0;2;13;0;0;0;4;0
2013;30;25-64 yr;0;0;4;10;0;0;0;2;0
2013;31;25-64 yr;0;0;7;9;1;0;0;4;0
2013;32;25-64 yr;0;0;5;15;2;0;0;1;0
2013;33;25-64 yr;0;0;2;9;0;0;0;0;0
2013;34;25-64 yr;0;0;2;3;0;0;0;1;0
2013;35;25-64 yr;0;0;2;18;0;0;0;0;0
2013;36;25-64 yr;0;0;0;11;0;0;0;1;0
2013;37;25-64 yr;0;0;1;19;0;0;0;0;0
2013;38;25-64 yr;0;0;1;18;0;0;0;1;0
2013;39;25-64 yr;0;0;6;27;0;0;0;1;0
2012;40;65+ yr;0;0;9;0;0;0;0;0;0
2012;41;65+ yr;0;0;8;0;0;0;0;0;0
2012;42;65+ yr;0;0;22;0;0;0;0;1;0
2012;43;65+ yr;0;0;17;0;0;0;0;3;0
2012;44;65+ yr;0;0;23;1;0;0;0;2;0
2012;45;65+ yr;0;0;29;0;0;0;0;5;0
2012;46;65+ yr;0;0;57;0;0;0;0;5;0
2012;47;65+ yr;0;0;63;1;1;0;0;4;0
2012;48;65+ yr;0;0;160;0;5;0;0;15;0
2012;49;65+ yr;0;0;261;0;1;0;0;23;0
2012;50;65+ yr;0;0;384;0;8;0;0;28;0
2012;51;65+ yr;0;0;731;2;9;0;0;51;0
2012;52;65+ yr;0;0;1057;5;29;0;0;33;0
2013;1;65+ yr;0;0;1324;3;26;0;0;77;0
2013;2;65+ yr;0;0;1266;10;39;0;0;79;0
2013;3;65+ yr;0;0;838;11;39;0;0;57;0
2013;4;65+ yr;0;0;614;7;21;0;0;32;0
2013;5;65+ yr;0;0;480;5;24;0;0;42;0
2013;6;65+ yr;0;0;311;4;10;0;0;35;0
2013;7;65+ yr;0;0;212;4;4;0;0;41;0
2013;8;65+ yr;0;0;147;1;5;0;0;53;0
2013;9;65+ yr;0;0;105;4;1;0;0;57;0
2013;10;65+ yr;0;0;95;3;1;0;0;50;0
2013;11;65+ yr;0;0;45;3;1;0;0;50;0
2013;12;65+ yr;0;0;49;1;2;0;0;50;0
2013;13;65+ yr;0;0;28;2;1;0;0;60;0
2013;14;65+ yr;0;0;28;2;0;0;0;44;0
2013;15;65+ yr;0;0;17;2;0;0;0;24;0
2013;16;65+ yr;0;0;22;4;0;0;0;21;0
2013;17;65+ yr;0;0;10;1;0;0;0;6;0
2013;18;65+ yr;0;0;15;1;1;0;0;11;0
2013;19;65+ yr;0;0;14;1;0;0;0;10;0
2013;20;65+ yr;0;0;4;0;0;0;0;8;0
2013;21;65+ yr;0;0;4;0;0;0;0;6;0
2013;22;65+ yr;0;0;0;0;0;0;0;5;0
2013;23;65+ yr;0;0;2;1;0;0;0;4;0
2013;24;65+ yr;0;0;2;0;0;0;0;4;0
2013;25;65+ yr;0;0;6;0;0;0;0;2;0
2013;26;65+ yr;0;0;3;0;0;0;0;1;0
2013;27;65+ yr;0;0;0;0;0;0;0;5;0
2013;28;65+ yr;0;0;22;1;0;0;0;1;0
2013;29;65+ yr;0;0;0;2;0;0;0;0;0
2013;30;65+ yr;0;0;3;1;0;0;0;1;1
2013;31;65+ yr;0;0;4;2;0;0;0;1;0
2013;32;65+ yr;0;0;5;1;0;0;0;3;0
2013;33;65+ yr;0;0;0;0;0;0;0;5;0
2013;34;65+ yr;0;0;1;1;0;0;0;0;0
2013;35;65+ yr;0;0;2;2;0;0;0;0;0
2013;36;65+ yr;0;0;2;3;0;0;0;0;0
2013;37;65+ yr;0;0;5;1;0;0;0;0;0
2013;38;65+ yr;0;0;3;1;0;0;0;0;0
2013;39;65+ yr;0;0;1;1;0;0;0;0;0
2011;40;0-4 yr;0;0;1;0;0;0;0;0;0
2011;41;0-4 yr;0;0;1;0;0;0;0;0;0
2011;42;0-4 yr;0;0;0;2;0;0;0;1;0
2011;43;0-4 yr;0;0;2;0;1;0;0;1;0
2011;44;0-4 yr;0;0;1;0;1;0;0;1;0
2011;45;0-4 yr;0;0;6;0;0;0;0;0;0
2011;46;0-4 yr;0;0;2;0;3;0;0;1;0
2011;47;0-4 yr;0;0;5;0;0;0;0;1;0
2011;48;0-4 yr;0;0;3;0;0;0;0;1;0
2011;49;0-4 yr;0;0;7;0;0;0;0;0;0
2011;50;0-4 yr;0;0;11;1;0;0;0;2;0
2011;51;0-4 yr;0;0;17;0;0;0;0;0;0
2011;52;0-4 yr;0;0;18;1;0;0;0;3;0
2012;1;0-4 yr;0;0;17;0;0;0;0;0;0
2012;2;0-4 yr;0;0;23;3;3;0;0;0;0
2012;3;0-4 yr;0;0;28;4;0;0;0;1;0
2012;4;0-4 yr;0;0;33;7;2;0;0;2;0
2012;5;0-4 yr;0;0;47;7;0;0;0;3;0
2012;6;0-4 yr;0;0;62;14;0;0;0;4;0
2012;7;0-4 yr;0;0;79;22;1;0;0;3;0
2012;8;0-4 yr;0;0;86;36;5;0;0;7;0
2012;9;0-4 yr;0;0;162;62;2;0;0;6;0
2012;10;0-4 yr;0;0;202;76;4;0;0;18;0
2012;11;0-4 yr;0;0;229;84;7;0;0;13;0
2012;12;0-4 yr;0;0;157;52;8;0;0;15;0
2012;13;0-4 yr;0;0;99;33;4;0;0;16;0
2012;14;0-4 yr;0;0;90;40;3;0;0;19;0
2012;15;0-4 yr;0;0;79;21;3;0;0;24;0
2012;16;0-4 yr;0;0;75;13;1;0;0;23;0
2012;17;0-4 yr;0;0;36;9;0;0;0;15;0
2012;18;0-4 yr;0;0;39;8;0;0;0;30;0
2012;19;0-4 yr;0;0;28;2;1;0;0;18;0
2012;20;0-4 yr;0;0;21;4;1;0;0;21;0
2012;21;0-4 yr;0;0;9;1;0;0;0;12;0
2012;22;0-4 yr;0;0;18;0;0;0;0;11;0
2012;23;0-4 yr;0;0;10;1;1;0;0;14;0
2012;24;0-4 yr;0;0;7;0;1;0;0;8;0
2012;25;0-4 yr;0;0;4;0;2;0;0;6;0
2012;26;0-4 yr;0;0;4;0;0;0;0;6;0
2012;27;0-4 yr;0;0;4;0;0;0;0;3;0
2012;28;0-4 yr;0;0;2;0;0;0;0;6;0
2012;29;0-4 yr;0;0;1;0;0;0;0;2;0
2012;30;0-4 yr;0;0;6;0;0;0;0;2;0
2012;31;0-4 yr;0;0;6;0;0;0;0;1;29
2012;32;0-4 yr;0;0;5;0;0;0;0;0;27
2012;33;0-4 yr;0;0;10;0;0;0;0;2;11
2012;34;0-4 yr;0;0;4;1;1;0;0;1;3
2012;35;0-4 yr;0;0;1;0;0;0;0;1;1
2012;36;0-4 yr;0;0;6;1;1;0;0;1;2
2012;37;0-4 yr;0;0;3;0;0;0;0;1;0
2012;38;0-4 yr;0;0;4;1;0;0;0;0;0
2012;39;0-4 yr;0;0;9;0;3;0;0;2;0
2011;40;5-24 yr;0;0;2;0;1;0;0;2;0
2011;41;5-24 yr;0;0;2;0;0;0;0;2;0
2011;42;5-24 yr;0;0;6;0;1;0;0;2;0
2011;43;5-24 yr;0;0;3;0;1;0;0;1;0
2011;44;5-24 yr;0;0;6;0;0;0;0;0;0
2011;45;5-24 yr;0;0;4;0;0;0;0;1;0
2011;46;5-24 yr;0;0;3;0;0;0;0;1;0
2011;47;5-24 yr;0;0;8;1;0;0;0;1;0
2011;48;5-24 yr;0;0;9;2;0;0;0;1;0
2011;49;5-24 yr;0;0;16;1;0;0;0;1;0
2011;50;5-24 yr;0;0;18;2;0;0;0;2;0
2011;51;5-24 yr;0;0;32;3;0;0;0;4;0
2011;52;5-24 yr;0;0;17;1;0;0;0;5;0
2012;1;5-24 yr;0;0;16;3;0;0;0;3;0
2012;2;5-24 yr;0;0;52;6;0;0;0;7;0
2012;3;5-24 yr;0;0;61;18;2;0;0;5;0
2012;4;5-24 yr;0;0;85;34;2;0;0;7;0
2012;5;5-24 yr;0;0;125;43;1;0;0;6;0
2012;6;5-24 yr;0;0;145;66;0;0;0;21;0
2012;7;5-24 yr;0;0;141;62;8;0;0;22;0
2012;8;5-24 yr;0;0;221;89;4;0;0;24;0
2012;9;5-24 yr;0;0;323;123;5;0;0;24;0
2012;10;5-24 yr;0;0;368;128;15;0;0;30;0
2012;11;5-24 yr;0;0;418;179;16;0;0;62;0
2012;12;5-24 yr;0;0;318;131;5;0;0;62;0
2012;13;5-24 yr;0;0;203;83;2;0;0;51;0
2012;14;5-24 yr;0;0;166;70;3;0;0;64;0
2012;15;5-24 yr;0;0;139;53;6;0;0;69;0
2012;16;5-24 yr;0;0;121;29;2;0;0;76;0
2012;17;5-24 yr;0;0;84;19;3;0;0;63;0
2012;18;5-24 yr;0;0;77;14;3;0;0;72;0
2012;19;5-24 yr;0;0;54;11;0;0;0;90;0
2012;20;5-24 yr;0;0;29;9;1;0;0;67;0
2012;21;5-24 yr;0;0;21;3;0;0;0;75;0
2012;22;5-24 yr;0;0;9;0;0;0;0;45;0
2012;23;5-24 yr;0;0;11;0;0;0;0;32;0
2012;24;5-24 yr;0;0;10;0;2;0;0;28;0
2012;25;5-24 yr;0;0;4;0;0;0;0;11;0
2012;26;5-24 yr;0;0;3;0;0;0;0;6;0
2012;27;5-24 yr;0;0;2;0;0;0;0;7;0
2012;28;5-24 yr;0;0;9;0;0;0;0;4;0
2012;29;5-24 yr;0;0;4;0;0;0;0;8;0
2012;30;5-24 yr;0;0;8;0;0;0;0;7;7
2012;31;5-24 yr;0;0;26;0;0;0;0;5;62
2012;32;5-24 yr;0;0;20;0;0;0;0;11;46
2012;33;5-24 yr;0;0;11;1;0;0;0;4;38
2012;34;5-24 yr;0;0;7;0;0;0;0;6;9
2012;35;5-24 yr;0;0;7;0;3;0;0;4;10
2012;36;5-24 yr;0;0;14;0;1;0;0;4;3
2012;37;5-24 yr;0;0;5;0;0;0;0;8;2
2012;38;5-24 yr;0;0;14;4;0;0;0;3;0
2012;39;5-24 yr;0;0;14;3;1;0;0;12;0
2011;40;25-64 yr;0;0;4;3;0;0;0;2;0
2011;41;25-64 yr;0;0;5;0;0;0;0;0;0
2011;42;25-64 yr;0;0;2;0;0;0;0;0;0
2011;43;25-64 yr;0;0;3;0;0;0;0;0;0
2011;44;25-64 yr;0;0;7;1;1;0;0;1;0
2011;45;25-64 yr;0;0;4;0;0;0;0;0;0
2011;46;25-64 yr;0;0;6;0;2;0;0;1;0
2011;47;25-64 yr;0;0;6;0;0;0;0;0;0
2011;48;25-64 yr;0;0;10;0;1;0;0;0;0
2011;49;25-64 yr;0;0;12;1;0;0;0;1;0
2011;50;25-64 yr;0;0;36;1;0;0;0;4;0
2011;51;25-64 yr;0;0;36;1;0;0;0;2;0
2011;52;25-64 yr;0;0;34;2;0;0;0;2;0
2012;1;25-64 yr;0;0;43;9;1;0;0;8;0
2012;2;25-64 yr;0;0;40;12;1;0;0;4;0
2012;3;25-64 yr;0;0;60;18;2;0;0;6;0
2012;4;25-64 yr;0;0;84;25;0;0;0;6;0
2012;5;25-64 yr;0;0;108;43;1;0;0;8;0
2012;6;25-64 yr;0;0;126;60;0;0;0;11;0
2012;7;25-64 yr;0;0;140;82;16;0;0;10;0
2012;8;25-64 yr;0;0;192;89;9;0;0;10;0
2012;9;25-64 yr;0;0;247;141;8;0;0;22;0
2012;10;25-64 yr;0;0;310;159;15;0;0;13;0
2012;11;25-64 yr;0;0;365;184;9;0;0;24;0
2012;12;25-64 yr;0;0;281;155;12;0;0;37;0
2012;13;25-64 yr;0;0;163;87;5;0;0;36;0
2012;14;25-64 yr;0;0;169;80;7;0;0;31;0
2012;15;25-64 yr;0;0;169;58;5;0;0;36;0
2012;16;25-64 yr;0;0;132;34;7;0;0;42;0
2012;17;25-64 yr;0;0;96;20;3;0;0;27;0
2012;18;25-64 yr;0;0;76;19;1;0;0;42;0
2012;19;25-64 yr;0;0;65;7;0;0;0;33;0
2012;20;25-64 yr;0;0;43;6;1;0;0;29;0
2012;21;25-64 yr;0;0;16;6;0;0;0;32;0
2012;22;25-64 yr;0;0;14;0;0;0;0;24;0
2012;23;25-64 yr;0;0;11;3;3;0;0;20;0
2012;24;25-64 yr;0;0;9;2;1;0;0;10;0
2012;25;25-64 yr;0;0;11;1;2;0;0;10;0
2012;26;25-64 yr;0;0;8;0;0;0;0;9;0
2012;27;25-64 yr;0;0;3;1;0;0;0;8;0
2012;28;25-64 yr;0;0;10;2;0;0;0;3;1
2012;29;25-64 yr;0;0;9;0;0;0;0;13;0
2012;30;25-64 yr;0;0;24;0;1;0;0;8;2
2012;31;25-64 yr;0;0;19;1;0;0;0;4;2
2012;32;25-64 yr;0;0;14;1;1;0;0;1;0
2012;33;25-64 yr;0;0;23;4;0;0;0;4;2
2012;34;25-64 yr;0;0;23;3;0;0;0;2;1
2012;35;25-64 yr;0;0;18;0;0;0;0;0;1
2012;36;25-64 yr;0;0;9;0;0;0;0;1;0
2012;37;25-64 yr;0;0;6;0;0;0;0;3;0
2012;38;25-64 yr;0;0;11;0;0;0;0;3;0
2012;39;25-64 yr;0;0;11;3;0;0;0;7;0
2011;40;65+ yr;0;0;5;0;0;0;0;0;0
2011;41;65+ yr;0;0;1;0;0;0;0;0;0
2011;42;65+ yr;0;0;2;0;0;0;0;0;0
2011;43;65+ yr;0;0;4;0;0;0;0;1;0
2011;44;65+ yr;0;0;1;0;0;0;0;0;0
2011;45;65+ yr;0;0;0;0;0;0;0;0;0
2011;46;65+ yr;0;0;3;0;0;0;0;0;0
2011;47;65+ yr;0;0;3;0;0;0;0;0;0
2011;48;65+ yr;0;0;4;0;0;0;0;0;0
2011;49;65+ yr;0;0;2;0;0;0;0;0;0
2011;50;65+ yr;0;0;6;0;0;0;0;0;0
2011;51;65+ yr;0;0;11;1;0;0;0;1;0
2011;52;65+ yr;0;0;24;0;0;0;0;3;0
2012;1;65+ yr;0;0;22;1;0;0;0;2;0
2012;2;65+ yr;0;0;20;0;0;0;0;2;0
2012;3;65+ yr;0;0;32;2;3;0;0;0;0
2012;4;65+ yr;0;0;43;1;1;0;0;1;0
2012;5;65+ yr;0;0;55;4;2;0;0;3;0
2012;6;65+ yr;0;0;52;1;0;0;0;1;0
2012;7;65+ yr;0;0;99;6;1;0;0;1;0
2012;8;65+ yr;0;0;130;6;4;0;0;2;0
2012;9;65+ yr;0;0;176;11;3;0;0;4;0
2012;10;65+ yr;0;0;254;13;5;0;0;1;0
2012;11;65+ yr;0;0;249;20;6;0;0;8;0
2012;12;65+ yr;0;0;204;19;4;0;0;8;0
2012;13;65+ yr;0;0;144;10;1;0;0;4;0
2012;14;65+ yr;0;0;114;9;6;0;0;3;0
2012;15;65+ yr;0;0;123;7;3;0;0;18;0
2012;16;65+ yr;0;0;154;9;3;0;0;22;0
2012;17;65+ yr;0;0;100;4;2;0;0;22;0
2012;18;65+ yr;0;0;87;2;0;0;0;10;0
2012;19;65+ yr;0;0;64;1;2;0;0;14;0
2012;20;65+ yr;0;0;51;0;1;0;0;5;0
2012;21;65+ yr;0;0;20;0;0;0;0;10;0
2012;22;65+ yr;0;0;19;1;0;0;0;3;0
2012;23;65+ yr;0;0;10;0;0;0;0;3;0
2012;24;65+ yr;0;0;20;0;0;0;0;4;0
2012;25;65+ yr;0;0;13;0;1;0;0;4;0
2012;26;65+ yr;0;0;2;0;0;0;0;7;0
2012;27;65+ yr;0;0;5;0;0;0;0;5;0
2012;28;65+ yr;0;0;10;1;0;0;0;0;0
2012;29;65+ yr;0;0;3;0;0;0;0;3;0
2012;30;65+ yr;0;0;11;0;0;0;0;1;0
2012;31;65+ yr;0;0;12;0;0;0;0;6;1
2012;32;65+ yr;0;0;20;0;0;0;0;0;0
2012;33;65+ yr;0;0;21;0;0;0;0;0;0
2012;34;65+ yr;0;0;13;0;0;0;0;0;0
2012;35;65+ yr;0;0;11;0;1;0;0;1;0
2012;36;65+ yr;0;0;3;0;0;0;0;1;0
2012;37;65+ yr;0;0;2;0;0;0;0;0;0
2012;38;65+ yr;0;0;13;0;1;0;0;0;0
2012;39;65+ yr;0;0;4;0;0;0;0;1;0
2010;40;0-4 yr;0;0;4;0;1;0;0;3;0
2010;41;0-4 yr;0;0;7;2;1;0;0;1;0
2010;42;0-4 yr;0;0;8;2;0;0;0;4;0
2010;43;0-4 yr;0;0;12;1;0;0;0;2;0
2010;44;0-4 yr;0;0;10;0;0;0;0;6;0
2010;45;0-4 yr;0;0;12;0;0;0;0;6;0
2010;46;0-4 yr;0;0;31;5;3;0;0;8;0
2010;47;0-4 yr;0;0;25;2;2;0;0;1;0
2010;48;0-4 yr;0;0;32;3;1;0;0;8;0
2010;49;0-4 yr;0;0;68;7;3;0;0;10;0
2010;50;0-4 yr;0;0;87;9;4;0;0;23;0
2010;51;0-4 yr;0;0;145;13;3;0;0;29;0
2010;52;0-4 yr;0;0;166;36;7;0;0;49;0
2011;1;0-4 yr;0;0;153;38;3;0;0;50;0
2011;2;0-4 yr;0;0;149;69;2;0;0;58;0
2011;3;0-4 yr;0;0;194;80;2;0;0;57;0
2011;4;0-4 yr;0;0;189;100;2;0;0;77;0
2011;5;0-4 yr;2;0;193;142;6;0;0;76;0
2011;6;0-4 yr;0;0;197;136;2;0;0;95;0
2011;7;0-4 yr;0;0;196;157;2;0;0;102;0
2011;8;0-4 yr;0;0;175;130;9;0;0;103;0
2011;9;0-4 yr;0;0;98;127;6;0;0;70;0
2011;10;0-4 yr;0;0;120;93;3;0;0;84;0
2011;11;0-4 yr;0;0;78;47;3;0;0;63;0
2011;12;0-4 yr;0;0;46;36;4;0;0;50;0
2011;13;0-4 yr;0;0;43;20;2;0;0;41;0
2011;14;0-4 yr;0;0;25;7;0;0;0;18;0
2011;15;0-4 yr;0;0;21;4;1;0;0;19;0
2011;16;0-4 yr;0;0;11;0;1;0;0;10;0
2011;17;0-4 yr;0;0;5;1;0;0;0;6;0
2011;18;0-4 yr;0;0;0;2;1;0;0;1;0
2011;19;0-4 yr;0;0;0;1;0;0;0;1;0
2011;20;0-4 yr;0;0;1;0;0;0;0;0;0
2011;21;0-4 yr;0;0;0;0;0;0;0;0;0
2011;22;0-4 yr;0;0;0;1;0;0;0;0;0
2011;23;0-4 yr;0;0;0;0;0;0;0;0;0
2011;24;0-4 yr;0;0;0;0;1;0;0;0;0
2011;25;0-4 yr;0;0;0;0;0;0;0;0;0
2011;26;0-4 yr;0;0;0;0;0;0;0;0;0
2011;27;0-4 yr;0;0;0;1;1;0;0;0;0
2011;28;0-4 yr;0;0;0;0;0;0;0;0;0
2011;29;0-4 yr;0;0;2;0;0;0;0;0;0
2011;30;0-4 yr;0;0;0;0;0;0;0;0;0
2011;31;0-4 yr;0;0;1;0;0;0;0;0;0
2011;32;0-4 yr;0;0;0;0;0;0;0;0;0
2011;33;0-4 yr;0;1;1;0;1;0;0;0;0
2011;34;0-4 yr;0;0;3;0;0;0;0;0;0
2011;35;0-4 yr;0;0;0;0;0;0;0;0;0
2011;36;0-4 yr;0;0;0;0;0;0;0;0;0
2011;37;0-4 yr;0;0;0;0;0;0;0;0;0
2011;38;0-4 yr;0;0;1;0;0;0;0;1;0
2011;39;0-4 yr;0;0;0;0;0;0;0;0;0
2010;40;5-24 yr;0;0;4;3;1;0;0;0;0
2010;41;5-24 yr;0;0;12;5;0;0;0;7;0
2010;42;5-24 yr;0;0;13;2;1;0;0;10;0
2010;43;5-24 yr;0;0;14;5;1;0;0;7;0
2010;44;5-24 yr;0;0;18;3;0;0;0;20;0
2010;45;5-24 yr;0;0;30;4;0;0;0;24;0
2010;46;5-24 yr;0;0;25;5;0;0;0;40;0
2010;47;5-24 yr;0;0;36;4;1;0;0;32;0
2010;48;5-24 yr;0;0;33;15;1;0;0;48;0
2010;49;5-24 yr;0;0;113;17;0;0;0;75;0
2010;50;5-24 yr;0;0;143;34;4;0;0;118;0
2010;51;5-24 yr;0;0;185;30;3;0;0;93;0
2010;52;5-24 yr;0;0;159;63;4;0;0;106;0
2011;1;5-24 yr;0;0;189;115;9;0;0;114;0
2011;2;5-24 yr;0;0;277;217;3;0;0;192;0
2011;3;5-24 yr;0;0;362;349;7;0;0;261;0
2011;4;5-24 yr;0;0;336;473;5;0;0;346;0
2011;5;5-24 yr;0;0;322;472;10;0;0;364;0
2011;6;5-24 yr;0;0;356;512;6;0;0;361;0
2011;7;5-24 yr;0;0;301;536;12;0;0;398;0
2011;8;5-24 yr;0;0;219;398;9;0;0;303;0
2011;9;5-24 yr;0;0;164;293;6;0;0;231;0
2011;10;5-24 yr;0;0;173;235;6;0;0;197;0
2011;11;5-24 yr;0;0;104;118;4;0;0;167;0
2011;12;5-24 yr;0;0;62;70;0;0;0;109;0
2011;13;5-24 yr;0;0;36;44;0;0;0;76;0
2011;14;5-24 yr;0;0;34;17;1;0;0;66;0
2011;15;5-24 yr;0;0;16;7;0;0;0;39;0
2011;16;5-24 yr;0;0;10;7;3;0;0;20;0
2011;17;5-24 yr;0;0;4;4;1;0;0;11;0
2011;18;5-24 yr;0;0;6;2;0;0;0;5;0
2011;19;5-24 yr;0;0;2;1;0;0;0;2;0
2011;20;5-24 yr;0;0;2;0;0;0;0;3;0
2011;21;5-24 yr;0;0;0;0;1;0;0;3;0
2011;22;5-24 yr;0;0;0;0;0;0;0;0;0
2011;23;5-24 yr;0;0;0;0;0;0;0;2;0
2011;24;5-24 yr;0;0;0;1;0;0;0;0;0
2011;25;5-24 yr;0;0;0;0;0;0;0;0;0
2011;26;5-24 yr;0;0;0;1;0;0;0;0;0
2011;27;5-24 yr;0;0;0;1;0;0;0;0;0
2011;28;5-24 yr;0;0;2;0;1;0;0;1;0
2011;29;5-24 yr;0;0;0;0;0;0;0;1;0
2011;30;5-24 yr;0;0;0;0;0;0;0;0;0
2011;31;5-24 yr;0;0;0;0;0;0;0;0;0
2011;32;5-24 yr;0;0;0;0;0;0;0;0;0
2011;33;5-24 yr;0;0;1;0;0;0;0;1;0
2011;34;5-24 yr;0;0;0;0;1;0;0;1;0
2011;35;5-24 yr;0;0;1;1;0;0;0;0;0
2011;36;5-24 yr;0;0;1;0;0;0;0;1;0
2011;37;5-24 yr;0;0;1;0;1;0;0;1;0
2011;38;5-24 yr;0;0;1;0;2;0;0;1;0
2011;39;5-24 yr;0;0;3;0;0;0;0;1;0
2010;40;25-64 yr;0;0;3;4;0;0;0;2;0
2010;41;25-64 yr;0;0;12;4;0;0;0;5;0
2010;42;25-64 yr;0;0;6;3;0;0;0;3;0
2010;43;25-64 yr;0;0;19;4;2;0;0;4;0
2010;44;25-64 yr;0;0;13;7;0;0;0;4;0
2010;45;25-64 yr;0;0;18;7;0;0;0;3;0
2010;46;25-64 yr;0;0;31;6;1;0;0;9;0
2010;47;25-64 yr;0;0;35;4;0;0;0;8;0
2010;48;25-64 yr;0;0;49;10;1;0;0;25;0
2010;49;25-64 yr;0;0;76;12;0;0;0;25;0
2010;50;25-64 yr;0;0;115;28;8;0;0;28;0
2010;51;25-64 yr;0;0;203;42;12;0;0;53;0
2010;52;25-64 yr;0;0;290;79;7;0;0;71;0
2011;1;25-64 yr;0;0;314;157;6;0;0;72;0
2011;2;25-64 yr;0;0;298;203;9;0;0;65;0
2011;3;25-64 yr;0;0;350;292;5;0;0;70;0
2011;4;25-64 yr;0;0;386;356;11;0;0;86;0
2011;5;25-64 yr;0;0;361;418;16;0;0;112;0
2011;6;25-64 yr;1;0;377;426;12;0;0;111;0
2011;7;25-64 yr;0;0;397;502;19;0;0;137;0
2011;8;25-64 yr;0;0;316;456;9;0;0;126;0
2011;9;25-64 yr;0;0;272;349;3;0;0;118;0
2011;10;25-64 yr;0;0;210;265;10;0;0;76;0
2011;11;25-64 yr;0;0;137;196;5;0;0;58;0
2011;12;25-64 yr;0;0;95;99;2;0;0;48;0
2011;13;25-64 yr;0;0;68;75;3;0;0;26;0
2011;14;25-64 yr;0;0;60;37;2;0;0;45;0
2011;15;25-64 yr;0;0;31;17;0;0;0;23;0
2011;16;25-64 yr;0;0;13;12;1;0;0;8;0
2011;17;25-64 yr;0;0;4;1;0;0;0;8;0
2011;18;25-64 yr;0;0;5;6;0;0;0;3;0
2011;19;25-64 yr;0;0;2;0;0;0;0;0;0
2011;20;25-64 yr;0;0;2;0;1;0;0;2;0
2011;21;25-64 yr;0;0;1;2;0;0;0;0;0
2011;22;25-64 yr;0;0;0;0;0;0;0;1;0
2011;23;25-64 yr;0;0;0;0;0;0;0;0;0
2011;24;25-64 yr;0;0;0;1;0;0;0;0;0
2011;25;25-64 yr;0;0;0;0;0;0;0;0;0
2011;26;25-64 yr;0;0;0;1;0;0;0;0;0
2011;27;25-64 yr;0;0;0;0;0;0;0;0;0
2011;28;25-64 yr;0;0;1;0;0;0;0;0;0
2011;29;25-64 yr;0;0;1;0;0;0;0;1;0
2011;30;25-64 yr;0;0;0;0;0;0;0;0;0
2011;31;25-64 yr;0;0;1;3;0;0;0;1;0
2011;32;25-64 yr;0;0;1;1;0;0;0;0;0
2011;33;25-64 yr;0;0;1;1;0;0;0;1;0
2011;34;25-64 yr;0;0;0;0;0;0;0;2;0
2011;35;25-64 yr;0;0;2;1;0;0;0;0;0
2011;36;25-64 yr;0;0;2;1;0;0;0;1;0
2011;37;25-64 yr;0;0;4;0;0;0;0;0;0
2011;38;25-64 yr;0;0;2;0;0;0;0;0;0
2011;39;25-64 yr;0;0;8;1;0;0;0;1;0
2010;40;65+ yr;0;0;5;0;0;0;0;0;0
2010;41;65+ yr;0;0;2;1;0;0;0;0;0
2010;42;65+ yr;0;0;6;0;0;0;0;2;0
2010;43;65+ yr;0;0;3;0;0;0;0;2;0
2010;44;65+ yr;0;0;6;0;0;0;0;2;0
2010;45;65+ yr;0;0;4;0;0;0;0;3;0
2010;46;65+ yr;0;0;7;0;0;0;0;0;0
2010;47;65+ yr;0;0;18;0;0;0;0;5;0
2010;48;65+ yr;0;0;16;3;0;0;0;8;0
2010;49;65+ yr;0;0;25;0;0;0;0;7;0
2010;50;65+ yr;0;0;59;3;2;0;0;10;0
2010;51;65+ yr;0;0;79;3;2;0;0;20;0
2010;52;65+ yr;0;0;179;7;5;0;0;17;0
2011;1;65+ yr;0;0;194;8;6;0;0;23;0
2011;2;65+ yr;0;0;202;11;6;0;0;17;0
2011;3;65+ yr;0;0;206;21;2;0;0;10;0
2011;4;65+ yr;0;0;245;35;9;0;0;22;0
2011;5;65+ yr;0;0;262;41;9;0;0;28;0
2011;6;65+ yr;0;0;237;45;6;0;0;34;0
2011;7;65+ yr;0;0;351;53;6;0;0;30;0
2011;8;65+ yr;0;0;306;33;7;0;0;37;0
2011;9;65+ yr;0;0;318;49;2;0;0;27;0
2011;10;65+ yr;0;0;264;18;7;0;0;24;0
2011;11;65+ yr;0;0;222;16;4;0;0;24;0
2011;12;65+ yr;0;0;171;9;5;0;0;21;0
2011;13;65+ yr;0;0;101;8;6;0;0;7;0
2011;14;65+ yr;0;0;78;10;2;0;0;18;0
2011;15;65+ yr;0;0;59;4;0;0;0;15;0
2011;16;65+ yr;0;0;20;2;1;0;0;6;0
2011;17;65+ yr;0;0;11;1;1;0;0;5;0
2011;18;65+ yr;0;0;11;0;1;0;0;0;0
2011;19;65+ yr;0;0;4;0;0;0;0;1;0
2011;20;65+ yr;0;0;1;0;0;0;0;0;0
2011;21;65+ yr;0;0;2;0;0;0;0;0;0
2011;22;65+ yr;0;0;0;0;0;0;0;1;0
2011;23;65+ yr;0;0;0;0;0;0;0;0;0
2011;24;65+ yr;0;0;0;0;0;0;0;0;0
2011;25;65+ yr;0;0;0;0;0;0;0;0;0
2011;26;65+ yr;0;0;0;0;0;0;0;0;0
2011;27;65+ yr;0;0;1;0;0;0;0;0;0
2011;28;65+ yr;0;0;0;0;0;0;0;0;0
2011;29;65+ yr;0;0;0;0;0;0;0;0;0
2011;30;65+ yr;0;0;0;0;0;0;0;0;0
2011;31;65+ yr;0;0;0;0;0;0;0;0;0
2011;32;65+ yr;0;0;1;0;0;0;0;0;0
2011;33;65+ yr;0;0;2;1;0;0;0;0;0
2011;34;65+ yr;0;0;2;0;0;0;0;0;0
2011;35;65+ yr;0;0;0;0;0;0;0;0;0
2011;36;65+ yr;0;0;0;0;0;0;0;0;0
2011;37;65+ yr;0;0;1;0;0;0;0;0;0
2011;38;65+ yr;0;0;0;0;0;0;0;1;0
2011;39;65+ yr;0;0;4;0;0;0;0;0;0
2009;40;0-4 yr;1;0;0;179;2;0;0;0;0
2009;41;0-4 yr;0;1;1;233;0;0;0;0;0
2009;42;0-4 yr;0;0;0;238;5;0;0;0;0
2009;43;0-4 yr;1;0;0;278;7;0;0;1;0
2009;44;0-4 yr;2;0;1;375;14;0;0;1;0
2009;45;0-4 yr;1;0;0;731;20;0;0;2;0
2009;46;0-4 yr;0;3;0;965;37;0;0;4;0
2009;47;0-4 yr;0;3;0;1151;78;0;0;2;0
2009;48;0-4 yr;0;4;0;975;70;0;0;2;0
2009;49;0-4 yr;0;1;0;692;47;0;0;5;0
2009;50;0-4 yr;0;3;0;598;32;0;0;1;0
2009;51;0-4 yr;1;0;0;331;10;0;0;2;0
2009;52;0-4 yr;0;0;0;157;8;0;0;0;0
2009;53;0-4 yr;0;0;0;139;6;0;0;2;0
2009;54;0-4 yr;0;1;0;71;3;0;0;0;0
2009;55;0-4 yr;0;1;0;49;1;0;0;1;0
2009;56;0-4 yr;0;0;0;34;4;0;0;0;0
2009;57;0-4 yr;0;0;0;22;1;0;0;0;0
2010;1;0-4 yr;0;0;0;37;0;0;0;0;0
2010;2;0-4 yr;0;0;1;29;0;0;0;0;0
2010;3;0-4 yr;0;0;0;32;0;0;0;1;0
2010;4;0-4 yr;0;0;0;28;1;0;0;0;0
2010;5;0-4 yr;0;0;0;31;0;0;0;0;0
2010;6;0-4 yr;0;0;0;22;1;0;0;1;0
2010;7;0-4 yr;0;0;0;29;1;0;0;2;0
2010;8;0-4 yr;0;0;1;40;1;0;0;0;0
2010;9;0-4 yr;0;0;0;24;2;0;0;1;0
2010;10;0-4 yr;0;0;0;37;1;0;0;1;0
2010;11;0-4 yr;0;0;0;43;0;0;0;0;0
2010;12;0-4 yr;0;0;0;16;0;0;0;0;0
2010;13;0-4 yr;0;0;0;16;0;0;0;0;0
2010;14;0-4 yr;0;0;0;7;0;0;0;0;0
2010;15;0-4 yr;0;0;0;3;0;0;0;0;0
2010;16;0-4 yr;0;0;1;3;0;0;0;0;0
2010;17;0-4 yr;0;0;0;1;0;0;0;0;0
2010;18;0-4 yr;0;0;0;0;0;0;0;0;0
2010;19;0-4 yr;0;0;0;0;0;0;0;0;0
2010;20;0-4 yr;0;1;0;0;0;0;0;0;0
2010;21;0-4 yr;0;0;0;0;0;0;0;0;0
2010;22;0-4 yr;0;0;0;0;0;0;0;0;0
2010;23;0-4 yr;0;0;1;0;0;0;0;1;0
2010;24;0-4 yr;0;0;2;0;0;0;0;0;0
2010;25;0-4 yr;0;0;1;0;0;0;0;0;0
2010;26;0-4 yr;0;0;0;0;0;0;0;0;0
2010;27;0-4 yr;0;0;0;0;0;0;0;0;0
2010;28;0-4 yr;0;0;1;0;0;0;0;0;0
2010;29;0-4 yr;0;0;0;0;0;0;0;0;0
2010;30;0-4 yr;0;0;1;0;0;0;0;0;0
2010;31;0-4 yr;0;0;2;0;0;0;0;0;0
2010;32;0-4 yr;0;0;1;0;0;0;0;0;0
2010;33;0-4 yr;0;0;1;0;0;0;0;0;0
2010;34;0-4 yr;0;0;2;0;0;0;0;2;0
2010;35;0-4 yr;0;0;2;0;0;0;0;0;0
2010;36;0-4 yr;0;0;5;3;0;0;0;1;0
2010;37;0-4 yr;1;0;3;0;0;0;0;0;0
2010;38;0-4 yr;0;0;8;0;1;0;0;1;0
2010;39;0-4 yr;0;0;3;0;0;0;0;1;0
2009;40;5-24 yr;3;11;5;1064;49;0;0;1;0
2009;41;5-24 yr;3;3;4;1189;19;0;0;3;0
2009;42;5-24 yr;1;4;0;1284;33;0;0;1;0
2009;43;5-24 yr;0;13;2;1431;40;0;0;2;0
2009;44;5-24 yr;2;13;2;1952;42;0;0;1;0
2009;45;5-24 yr;0;8;1;2841;95;0;0;6;0
2009;46;5-24 yr;0;4;0;3200;138;0;0;5;0
2009;47;5-24 yr;2;5;2;3464;111;0;0;9;0
2009;48;5-24 yr;0;12;2;2411;83;0;0;1;0
2009;49;5-24 yr;1;5;1;1900;57;0;0;4;0
2009;50;5-24 yr;1;3;0;1374;32;0;0;3;0
2009;51;5-24 yr;0;5;0;729;18;0;0;2;0
2009;52;5-24 yr;1;2;1;332;11;0;0;0;0
2009;53;5-24 yr;0;2;0;230;11;0;0;1;0
2009;54;5-24 yr;0;0;1;142;7;0;0;0;0
2009;55;5-24 yr;0;2;0;131;6;0;0;3;0
2009;56;5-24 yr;0;0;0;69;0;0;0;0;0
2009;57;5-24 yr;0;1;0;62;0;0;0;0;0
2010;1;5-24 yr;0;1;0;69;1;0;0;1;0
2010;2;5-24 yr;0;1;0;76;1;0;0;2;0
2010;3;5-24 yr;0;1;0;115;1;0;0;0;0
2010;4;5-24 yr;0;0;1;106;3;0;0;2;0
2010;5;5-24 yr;0;0;0;127;2;0;0;1;0
2010;6;5-24 yr;0;0;0;96;1;0;0;4;0
2010;7;5-24 yr;0;0;0;89;1;0;0;1;0
2010;8;5-24 yr;0;0;0;119;1;0;0;0;0
2010;9;5-24 yr;0;0;0;114;1;0;0;0;0
2010;10;5-24 yr;0;0;0;138;0;0;0;2;0
2010;11;5-24 yr;0;0;0;72;3;0;0;0;0
2010;12;5-24 yr;0;0;0;65;0;0;0;2;0
2010;13;5-24 yr;0;0;1;50;0;0;0;1;0
2010;14;5-24 yr;0;0;0;35;0;0;0;1;0
2010;15;5-24 yr;0;0;1;17;1;0;0;4;0
2010;16;5-24 yr;0;0;0;7;0;0;0;9;0
2010;17;5-24 yr;0;0;0;5;0;0;0;2;0
2010;18;5-24 yr;0;0;0;7;0;0;0;1;0
2010;19;5-24 yr;0;0;0;2;0;0;0;1;0
2010;20;5-24 yr;0;0;0;3;0;0;0;2;0
2010;21;5-24 yr;0;0;0;0;0;0;0;1;0
2010;22;5-24 yr;0;0;0;1;0;0;0;1;0
2010;23;5-24 yr;0;0;0;0;0;0;0;0;0
2010;24;5-24 yr;0;0;1;0;0;0;0;1;0
2010;25;5-24 yr;0;0;0;1;0;0;0;0;0
2010;26;5-24 yr;0;0;0;0;0;0;0;0;0
2010;27;5-24 yr;0;0;2;0;0;0;0;0;0
2010;28;5-24 yr;0;0;3;1;0;0;0;0;0
2010;29;5-24 yr;0;0;1;3;0;0;0;1;0
2010;30;5-24 yr;0;0;2;0;1;0;0;1;0
2010;31;5-24 yr;0;0;2;0;0;0;0;0;0
2010;32;5-24 yr;0;0;0;4;0;0;0;8;0
2010;33;5-24 yr;0;0;2;0;0;0;0;0;0
2010;34;5-24 yr;0;0;2;6;0;0;0;1;0
2010;35;5-24 yr;0;0;2;1;0;0;0;1;0
2010;36;5-24 yr;0;0;3;4;0;0;0;2;0
2010;37;5-24 yr;0;0;3;2;0;0;0;5;0
2010;38;5-24 yr;0;0;6;0;0;0;0;6;0
2010;39;5-24 yr;0;0;5;0;0;0;0;3;0
2009;40;25-64 yr;4;5;6;343;11;0;0;0;0
2009;41;25-64 yr;1;3;0;422;14;0;0;2;0
2009;42;25-64 yr;2;4;1;640;17;0;0;0;0
2009;43;25-64 yr;1;11;3;640;9;0;0;0;0
2009;44;25-64 yr;2;11;0;806;22;0;0;0;0
2009;45;25-64 yr;0;10;1;1406;41;0;0;0;0
2009;46;25-64 yr;0;10;0;1976;92;0;0;1;0
2009;47;25-64 yr;0;18;1;2394;126;0;0;4;0
2009;48;25-64 yr;1;18;0;2030;121;0;0;1;0
2009;49;25-64 yr;1;13;0;1692;84;0;0;7;0
2009;50;25-64 yr;1;11;1;1432;39;0;0;1;0
2009;51;25-64 yr;0;14;0;935;25;0;0;0;0
2009;52;25-64 yr;0;6;1;525;19;0;0;0;0
2009;53;25-64 yr;0;6;0;354;15;0;0;0;0
2009;54;25-64 yr;1;6;1;235;5;0;0;0;0
2009;55;25-64 yr;0;1;1;154;7;0;0;1;0
2009;56;25-64 yr;0;1;0;82;5;0;0;0;0
2009;57;25-64 yr;0;0;0;123;2;0;0;3;0
2010;1;25-64 yr;0;2;0;108;5;0;0;2;0
2010;2;25-64 yr;1;1;1;96;3;0;0;2;0
2010;3;25-64 yr;0;1;0;97;0;0;0;0;0
2010;4;25-64 yr;0;0;0;79;0;0;0;1;0
2010;5;25-64 yr;0;0;0;96;3;0;0;2;0
2010;6;25-64 yr;1;0;0;82;2;0;0;0;0
2010;7;25-64 yr;0;0;0;95;2;0;0;1;0
2010;8;25-64 yr;0;0;0;124;2;0;0;0;0
2010;9;25-64 yr;0;0;0;125;2;0;0;0;0
2010;10;25-64 yr;0;0;0;131;4;0;0;3;0
2010;11;25-64 yr;0;0;0;109;4;0;0;0;0
2010;12;25-64 yr;0;0;1;69;1;0;0;2;0
2010;13;25-64 yr;0;0;0;68;1;0;0;0;0
2010;14;25-64 yr;0;0;0;45;3;0;0;0;0
2010;15;25-64 yr;0;0;1;22;0;0;0;2;0
2010;16;25-64 yr;0;0;1;5;0;0;0;0;0
2010;17;25-64 yr;0;0;0;7;0;0;0;0;0
2010;18;25-64 yr;0;0;1;10;0;0;0;1;0
2010;19;25-64 yr;0;0;2;3;0;0;0;2;0
2010;20;25-64 yr;0;0;0;1;0;0;0;0;0
2010;21;25-64 yr;0;0;0;0;0;0;0;0;0
2010;22;25-64 yr;0;0;0;2;0;0;0;1;0
2010;23;25-64 yr;0;0;0;1;0;0;0;1;0
2010;24;25-64 yr;0;0;0;1;0;0;0;0;0
2010;25;25-64 yr;0;0;3;2;0;0;0;0;0
2010;26;25-64 yr;0;0;1;1;0;0;0;0;0
2010;27;25-64 yr;0;0;1;1;0;0;0;0;0
2010;28;25-64 yr;0;0;3;0;0;0;0;0;0
2010;29;25-64 yr;0;0;0;0;0;0;0;2;0
2010;30;25-64 yr;0;0;5;1;0;0;0;1;0
2010;31;25-64 yr;0;0;3;3;0;0;0;1;0
2010;32;25-64 yr;0;0;3;3;1;0;0;0;0
2010;33;25-64 yr;0;0;2;1;0;0;0;0;0
2010;34;25-64 yr;0;0;7;2;0;0;0;1;0
2010;35;25-64 yr;0;0;4;5;0;0;0;0;0
2010;36;25-64 yr;0;0;5;1;0;0;0;0;0
2010;37;25-64 yr;0;0;16;3;0;0;0;0;0
2010;38;25-64 yr;0;0;13;0;1;0;0;1;0
2010;39;25-64 yr;0;0;6;2;0;0;0;3;0
2009;40;65+ yr;1;1;0;17;2;0;0;0;0
2009;41;65+ yr;0;1;0;33;1;0;0;0;0
2009;42;65+ yr;0;1;0;54;2;0;0;0;0
2009;43;65+ yr;0;0;1;38;1;0;0;0;0
2009;44;65+ yr;2;0;1;77;1;0;0;1;0
2009;45;65+ yr;0;0;0;130;4;0;0;0;0
2009;46;65+ yr;0;1;0;292;12;0;0;0;0
2009;47;65+ yr;1;1;1;275;12;0;0;0;0
2009;48;65+ yr;0;3;0;354;19;0;0;1;0
2009;49;65+ yr;0;2;1;226;5;0;0;1;0
2009;50;65+ yr;0;4;0;189;8;0;0;0;0
2009;51;65+ yr;0;2;0;213;8;0;0;0;0
2009;52;65+ yr;0;1;0;126;6;0;0;0;0
2009;53;65+ yr;0;1;0;61;4;0;0;0;0
2009;54;65+ yr;0;0;1;36;2;0;0;0;0
2009;55;65+ yr;0;1;2;28;1;0;0;0;0
2009;56;65+ yr;0;0;0;13;1;0;0;0;0
2009;57;65+ yr;0;0;1;17;2;0;0;1;0
2010;1;65+ yr;0;0;1;11;3;0;0;0;0
2010;2;65+ yr;0;0;1;7;1;0;0;0;0
2010;3;65+ yr;0;0;0;7;1;0;0;0;0
2010;4;65+ yr;0;0;2;6;1;0;0;0;0
2010;5;65+ yr;0;0;0;5;0;0;0;0;0
2010;6;65+ yr;0;0;0;10;1;0;0;0;0
2010;7;65+ yr;0;0;0;7;1;0;0;2;0
2010;8;65+ yr;0;0;0;10;0;0;0;1;0
2010;9;65+ yr;0;0;0;11;0;0;0;0;0
2010;10;65+ yr;0;0;0;8;1;0;0;0;0
2010;11;65+ yr;0;0;0;10;1;0;0;0;0
2010;12;65+ yr;0;0;0;5;1;0;0;0;0
2010;13;65+ yr;0;0;0;11;0;0;0;0;0
2010;14;65+ yr;0;0;1;3;2;0;0;0;0
2010;15;65+ yr;0;0;0;0;0;0;0;0;0
2010;16;65+ yr;0;0;0;1;0;0;0;2;0
2010;17;65+ yr;0;0;0;0;0;0;0;0;0
2010;18;65+ yr;0;0;0;0;0;0;0;0;0
2010;19;65+ yr;0;0;0;0;0;0;0;0;0
2010;20;65+ yr;0;0;1;0;0;0;0;0;0
2010;21;65+ yr;0;0;0;0;0;0;0;1;0
2010;22;65+ yr;0;0;0;0;0;0;0;0;0
2010;23;65+ yr;0;0;0;0;0;0;0;0;0
2010;24;65+ yr;0;0;0;0;0;0;0;0;0
2010;25;65+ yr;0;0;0;0;0;0;0;0;0
2010;26;65+ yr;0;0;0;0;0;0;0;0;0
2010;27;65+ yr;0;0;1;0;0;0;0;0;0
2010;28;65+ yr;0;0;0;0;0;0;0;0;0
2010;29;65+ yr;0;0;1;0;0;0;0;0;0
2010;30;65+ yr;0;0;4;0;0;0;0;0;0
2010;31;65+ yr;0;0;1;1;0;0;0;0;0
2010;32;65+ yr;0;0;5;0;0;0;0;0;0
2010;33;65+ yr;0;0;3;1;0;0;0;0;0
2010;34;65+ yr;0;0;4;0;0;0;0;0;0
2010;35;65+ yr;0;0;4;0;0;0;0;0;0
2010;36;65+ yr;0;0;1;0;0;0;0;0;0
2010;37;65+ yr;0;0;5;0;0;0;0;0;0
2010;38;65+ yr;0;0;2;0;1;0;0;0;0
2010;39;65+ yr;0;0;2;0;0;0;0;1;0
2008;40;0-4 yr;1;0;0;0;0;0;0;1;0
2008;41;0-4 yr;2;0;3;0;1;0;0;1;0
2008;42;0-4 yr;1;0;0;0;0;0;0;1;0
2008;43;0-4 yr;5;0;0;0;0;0;0;0;0
2008;44;0-4 yr;9;0;0;0;0;0;0;0;0
2008;45;0-4 yr;5;0;1;0;0;0;0;1;0
2008;46;0-4 yr;3;0;1;0;0;0;0;0;0
2008;47;0-4 yr;6;0;0;0;0;0;0;5;0
2008;48;0-4 yr;8;0;0;0;0;0;0;2;0
2009;1;0-4 yr;11;0;1;0;0;0;0;1;0
2009;2;0-4 yr;12;0;1;0;0;0;0;1;0
2009;3;0-4 yr;15;0;1;0;0;0;0;1;0
2009;4;0-4 yr;11;0;3;0;3;0;0;3;0
2009;5;0-4 yr;16;0;1;0;2;0;0;7;0
2009;6;0-4 yr;22;0;3;0;6;0;0;5;0
2009;7;0-4 yr;39;0;4;0;9;0;0;3;0
2009;8;0-4 yr;40;0;7;0;7;0;0;10;0
2009;9;0-4 yr;74;0;9;0;10;0;0;12;0
2009;10;0-4 yr;83;0;9;0;7;0;0;18;0
2009;11;0-4 yr;116;0;9;0;8;0;0;27;0
2009;12;0-4 yr;137;1;8;0;11;0;0;41;0
2009;13;0-4 yr;116;0;10;0;20;0;0;58;0
2009;14;0-4 yr;82;0;10;0;10;0;0;66;0
2009;15;0-4 yr;49;0;12;0;7;0;0;66;0
2009;16;0-4 yr;69;0;9;0;3;0;0;60;0
2009;17;0-4 yr;45;0;8;0;2;0;0;43;0
2009;18;0-4 yr;22;0;5;0;2;0;0;49;0
2009;19;0-4 yr;18;0;8;0;0;0;0;30;0
2009;20;0-4 yr;2;0;9;0;0;0;0;20;0
2009;21;0-4 yr;17;0;15;0;3;0;0;9;0
2009;22;0-4 yr;95;33;128;119;15;0;0;63;0
2009;23;0-4 yr;62;41;110;247;28;0;0;37;0
2009;24;0-4 yr;16;1;39;154;29;0;0;9;0
2009;25;0-4 yr;5;3;30;273;53;0;0;12;0
2009;26;0-4 yr;5;2;45;340;50;0;0;4;0
2009;27;0-4 yr;3;1;57;437;31;0;0;0;0
2009;28;0-4 yr;1;1;26;463;22;0;0;3;0
2009;29;0-4 yr;0;3;18;514;27;0;0;1;0
2009;30;0-4 yr;0;3;22;389;7;0;0;0;0
2009;31;0-4 yr;0;3;19;331;7;0;0;0;0
2009;32;0-4 yr;0;1;11;400;2;0;0;0;0
2009;33;0-4 yr;0;3;4;353;3;0;0;0;0
2009;34;0-4 yr;1;0;5;304;2;0;0;0;0
2009;35;0-4 yr;0;1;2;308;2;0;0;0;0
2009;36;0-4 yr;2;2;1;193;20;0;0;0;0
2009;37;0-4 yr;1;0;1;191;0;0;0;0;0
2009;38;0-4 yr;2;0;2;207;0;0;0;0;0
2009;39;0-4 yr;0;1;2;170;3;0;0;1;0
2008;40;5-24 yr;2;0;0;0;0;0;0;0;0
2008;41;5-24 yr;2;0;1;0;0;0;0;0;0
2008;42;5-24 yr;7;0;1;0;1;0;0;2;0
2008;43;5-24 yr;13;0;0;0;0;0;0;4;0
2008;44;5-24 yr;3;0;1;0;0;0;0;2;0
2008;45;5-24 yr;19;0;1;0;0;0;0;0;0
2008;46;5-24 yr;16;0;1;0;0;0;0;2;0
2008;47;5-24 yr;15;0;0;0;0;0;0;5;0
2008;48;5-24 yr;28;0;0;0;0;0;0;4;0
2009;1;5-24 yr;22;0;1;0;1;0;0;1;0
2009;2;5-24 yr;33;0;3;0;0;0;0;2;0
2009;3;5-24 yr;33;0;9;0;1;0;0;10;0
2009;4;5-24 yr;33;0;1;0;1;0;0;7;0
2009;5;5-24 yr;38;0;3;0;2;0;0;6;0
2009;6;5-24 yr;69;0;12;0;2;0;0;11;0
2009;7;5-24 yr;86;0;8;0;17;0;0;21;0
2009;8;5-24 yr;190;0;23;0;18;0;0;55;0
2009;9;5-24 yr;295;0;41;0;24;0;0;116;0
2009;10;5-24 yr;351;0;19;0;23;0;0;231;0
2009;11;5-24 yr;392;0;21;0;34;0;0;312;0
2009;12;5-24 yr;395;0;14;0;28;0;0;281;0
2009;13;5-24 yr;335;0;20;0;40;0;0;383;0
2009;14;5-24 yr;232;0;22;0;27;0;0;384;0
2009;15;5-24 yr;179;0;21;0;12;0;0;288;0
2009;16;5-24 yr;152;0;12;0;6;0;0;241;0
2009;17;5-24 yr;116;0;9;0;4;0;0;189;0
2009;18;5-24 yr;51;0;8;0;5;0;0;131;0
2009;19;5-24 yr;45;0;6;1;1;0;0;83;0
2009;20;5-24 yr;12;0;10;0;2;0;0;60;0
2009;21;5-24 yr;9;1;8;9;37;0;0;33;0
2009;22;5-24 yr;245;85;315;845;108;0;0;299;0
2009;23;5-24 yr;213;25;311;1573;134;0;0;172;0
2009;24;5-24 yr;74;10;76;1083;157;0;0;60;0
2009;25;5-24 yr;26;18;84;1725;233;0;0;30;0
2009;26;5-24 yr;6;11;97;1682;152;0;0;9;0
2009;27;5-24 yr;8;10;163;2017;98;0;0;5;0
2009;28;5-24 yr;7;8;81;2312;68;0;0;2;0
2009;29;5-24 yr;1;9;70;2183;50;0;0;2;0
2009;30;5-24 yr;0;7;17;1316;12;0;0;0;0
2009;31;5-24 yr;1;4;4;941;10;0;0;0;0
2009;32;5-24 yr;0;5;9;1058;5;0;0;1;0
2009;33;5-24 yr;1;10;6;1009;5;0;0;0;0
2009;34;5-24 yr;1;7;0;840;5;0;0;0;0
2009;35;5-24 yr;1;11;4;864;14;0;0;0;0
2009;36;5-24 yr;6;4;3;620;43;0;0;0;0
2009;37;5-24 yr;3;3;2;605;8;0;0;0;0
2009;38;5-24 yr;1;4;6;947;5;0;0;0;0
2009;39;5-24 yr;4;9;4;845;12;0;0;3;0
2008;40;25-64 yr;0;0;0;0;0;0;0;1;0
2008;41;25-64 yr;0;0;0;0;0;0;0;1;0
2008;42;25-64 yr;5;0;2;0;0;0;0;0;0
2008;43;25-64 yr;3;0;0;0;0;0;0;1;0
2008;44;25-64 yr;0;0;2;0;0;0;0;0;0
2008;45;25-64 yr;8;0;0;0;0;0;0;2;0
2008;46;25-64 yr;4;0;0;0;0;0;0;0;0
2008;47;25-64 yr;2;0;1;0;0;0;0;0;0
2008;48;25-64 yr;3;0;0;0;0;0;0;3;0
2009;1;25-64 yr;8;0;2;0;0;0;0;0;0
2009;2;25-64 yr;19;0;4;0;0;0;0;4;0
2009;3;25-64 yr;19;0;7;0;4;0;0;4;0
2009;4;25-64 yr;18;0;8;0;3;0;0;1;0
2009;5;25-64 yr;44;0;12;0;3;0;0;3;0
2009;6;25-64 yr;51;0;15;0;10;0;0;7;0
2009;7;25-64 yr;61;0;13;0;14;0;0;3;0
2009;8;25-64 yr;98;0;10;0;25;0;0;8;0
2009;9;25-64 yr;134;0;21;0;14;0;0;14;0
2009;10;25-64 yr;170;0;16;0;15;0;0;24;0
2009;11;25-64 yr;224;0;24;0;17;0;0;33;0
2009;12;25-64 yr;242;0;25;0;18;0;0;35;0
2009;13;25-64 yr;194;0;18;0;37;0;0;46;0
2009;14;25-64 yr;186;0;22;0;29;0;0;67;0
2009;15;25-64 yr;112;0;19;0;24;0;0;63;0
2009;16;25-64 yr;113;0;29;0;13;0;0;72;0
2009;17;25-64 yr;79;0;20;0;8;0;0;53;0
2009;18;25-64 yr;40;0;12;0;5;0;0;40;0
2009;19;25-64 yr;29;1;10;0;3;0;0;26;0
2009;20;25-64 yr;23;0;7;0;3;0;0;12;0
2009;21;25-64 yr;14;0;8;5;1;0;0;15;0
2009;22;25-64 yr;249;52;290;269;43;0;0;109;0
2009;23;25-64 yr;163;20;221;436;89;0;0;66;0
2009;24;25-64 yr;40;13;71;386;81;0;0;13;0
2009;25;25-64 yr;29;2;79;509;159;0;0;11;0
2009;26;25-64 yr;11;5;72;697;71;0;0;7;0
2009;27;25-64 yr;9;4;144;893;41;0;0;3;0
2009;28;25-64 yr;5;5;96;975;26;0;0;2;0
2009;29;25-64 yr;3;9;83;1116;27;0;0;0;0
2009;30;25-64 yr;1;22;16;874;20;0;0;2;0
2009;31;25-64 yr;12;13;7;658;12;0;0;0;0
2009;32;25-64 yr;1;2;8;740;10;0;0;0;0
2009;33;25-64 yr;1;8;11;613;1;0;0;0;0
2009;34;25-64 yr;1;6;9;585;5;0;0;0;0
2009;35;25-64 yr;2;9;5;534;9;0;0;0;0
2009;36;25-64 yr;2;9;2;345;35;0;0;0;0
2009;37;25-64 yr;4;2;4;344;10;0;0;1;0
2009;38;25-64 yr;6;7;8;343;6;0;0;0;0
2009;39;25-64 yr;1;2;6;348;4;0;0;1;0
2008;40;65+ yr;0;0;0;0;0;0;0;0;0
2008;41;65+ yr;0;0;0;0;0;0;0;0;0
2008;42;65+ yr;0;0;0;0;0;0;0;0;0
2008;43;65+ yr;1;0;0;0;0;0;0;0;0
2008;44;65+ yr;0;0;0;0;0;0;0;0;0
2008;45;65+ yr;0;0;0;0;0;0;0;0;0
2008;46;65+ yr;0;0;0;0;0;0;0;0;0
2008;47;65+ yr;0;0;0;0;0;0;0;1;0
2008;48;65+ yr;1;0;0;0;0;0;0;0;0
2009;1;65+ yr;0;0;1;0;0;0;0;0;0
2009;2;65+ yr;1;0;2;0;0;0;0;0;0
2009;3;65+ yr;3;0;2;0;0;0;0;3;0
2009;4;65+ yr;2;0;2;0;2;0;0;0;0
2009;5;65+ yr;5;0;3;0;0;0;0;1;0
2009;6;65+ yr;3;0;3;0;4;0;0;3;0
2009;7;65+ yr;3;0;0;0;1;0;0;0;0
2009;8;65+ yr;4;0;4;0;1;0;0;0;0
2009;9;65+ yr;6;0;4;0;1;0;0;3;0
2009;10;65+ yr;6;0;6;0;3;0;0;2;0
2009;11;65+ yr;5;0;8;0;4;0;0;4;0
2009;12;65+ yr;13;0;11;0;2;0;0;6;0
2009;13;65+ yr;8;0;6;0;5;0;0;11;0
2009;14;65+ yr;8;0;7;0;4;0;0;10;0
2009;15;65+ yr;13;0;7;0;2;0;0;10;0
2009;16;65+ yr;7;0;11;0;2;0;0;15;0
2009;17;65+ yr;7;0;5;0;1;0;0;9;0
2009;18;65+ yr;3;0;2;0;2;0;0;6;0
2009;19;65+ yr;6;0;11;0;1;0;0;6;0
2009;20;65+ yr;1;0;1;0;1;0;0;3;0
2009;21;65+ yr;1;0;4;0;0;0;0;2;0
2009;22;65+ yr;14;0;60;12;7;0;0;8;0
2009;23;65+ yr;13;1;70;22;20;0;0;9;0
2009;24;65+ yr;6;3;17;19;6;0;0;3;0
2009;25;65+ yr;0;1;25;29;17;0;0;2;0
2009;26;65+ yr;0;0;31;36;5;0;0;0;0
2009;27;65+ yr;0;0;30;46;13;0;0;0;0
2009;28;65+ yr;0;0;34;59;11;0;0;0;0
2009;29;65+ yr;0;0;28;61;4;0;0;1;0
2009;30;65+ yr;0;0;9;63;7;0;0;0;0
2009;31;65+ yr;0;0;8;59;1;0;0;0;0
2009;32;65+ yr;0;1;8;41;0;0;0;0;0
2009;33;65+ yr;0;1;8;47;0;0;0;0;0
2009;34;65+ yr;0;0;2;44;1;0;0;0;0
2009;35;65+ yr;0;0;0;33;0;0;0;0;0
2009;36;65+ yr;0;0;0;20;0;0;0;1;0
2009;37;65+ yr;0;1;0;19;1;0;0;0;0
2009;38;65+ yr;0;0;1;12;1;0;0;0;0
2009;39;65+ yr;0;0;1;24;0;0;0;0;0
2007;40;0-4 yr;8;0;0;0;0;0;0;1;0
2007;41;0-4 yr;3;0;0;0;0;0;0;0;0
2007;42;0-4 yr;4;0;0;0;0;0;0;0;0
2007;43;0-4 yr;3;0;1;0;0;0;0;1;0
2007;44;0-4 yr;5;0;0;0;0;0;0;2;0
2007;45;0-4 yr;3;0;3;0;0;0;0;3;0
2007;46;0-4 yr;8;0;1;0;0;0;0;0;0
2007;47;0-4 yr;9;0;0;0;1;0;0;2;0
2007;48;0-4 yr;8;0;1;0;1;0;0;0;0
2007;49;0-4 yr;10;0;2;0;0;0;0;1;0
2007;50;0-4 yr;7;0;2;0;0;0;0;3;0
2007;51;0-4 yr;12;0;1;0;1;0;0;6;0
2007;52;0-4 yr;13;0;5;0;0;0;0;7;0
2008;1;0-4 yr;21;0;6;0;2;0;0;9;0
2008;2;0-4 yr;21;0;20;0;5;0;0;6;0
2008;3;0-4 yr;29;0;29;0;3;0;0;20;0
2008;4;0-4 yr;33;0;45;0;6;0;0;24;0
2008;5;0-4 yr;33;0;53;0;24;0;0;26;0
2008;6;0-4 yr;28;0;99;0;32;0;0;40;0
2008;7;0-4 yr;33;0;121;0;41;0;0;38;0
2008;8;0-4 yr;47;0;162;0;53;0;0;36;0
2008;9;0-4 yr;24;0;137;0;42;0;0;63;0
2008;10;0-4 yr;22;0;150;0;45;0;0;53;0
2008;11;0-4 yr;13;0;101;0;26;0;0;50;0
2008;12;0-4 yr;14;0;99;0;19;0;0;43;0
2008;13;0-4 yr;2;0;35;0;9;0;0;52;0
2008;14;0-4 yr;4;0;15;0;4;0;0;34;0
2008;15;0-4 yr;2;0;13;0;1;0;0;25;0
2008;16;0-4 yr;0;0;4;0;4;0;0;14;0
2008;17;0-4 yr;3;0;3;0;0;0;0;14;0
2008;18;0-4 yr;0;0;2;0;0;0;0;10;0
2008;19;0-4 yr;0;0;2;0;0;0;0;2;0
2008;20;0-4 yr;0;0;1;0;0;0;0;3;0
2008;21;0-4 yr;0;0;0;0;0;0;0;2;0
2008;22;0-4 yr;0;0;1;0;0;0;0;1;0
2008;23;0-4 yr;0;0;0;0;0;0;0;0;0
2008;24;0-4 yr;0;0;0;0;0;0;0;2;0
2008;25;0-4 yr;0;0;0;0;0;0;0;1;0
2008;26;0-4 yr;0;0;0;0;0;0;0;2;0
2008;27;0-4 yr;0;0;0;0;0;0;0;2;0
2008;28;0-4 yr;0;0;1;0;0;0;0;1;0
2008;29;0-4 yr;0;0;0;0;0;0;0;0;0
2008;30;0-4 yr;0;0;2;0;0;0;0;0;0
2008;31;0-4 yr;0;0;1;0;0;0;0;1;0
2008;32;0-4 yr;0;0;0;0;0;0;0;0;0
2008;33;0-4 yr;0;0;0;0;0;0;0;1;0
2008;34;0-4 yr;0;0;0;0;0;0;0;0;0
2008;35;0-4 yr;0;0;0;0;0;0;0;0;0
2008;36;0-4 yr;0;0;0;0;0;0;0;0;0
2008;37;0-4 yr;0;0;0;0;0;0;0;0;0
2008;38;0-4 yr;1;0;2;0;0;0;0;0;0
2008;39;0-4 yr;0;0;0;0;0;0;0;0;0
2007;40;5-24 yr;8;0;0;0;2;0;0;1;0
2007;41;5-24 yr;15;0;2;0;0;0;0;0;0
2007;42;5-24 yr;8;0;1;0;0;0;0;0;0
2007;43;5-24 yr;8;0;1;0;1;0;0;1;0
2007;44;5-24 yr;3;0;0;0;0;0;0;3;0
2007;45;5-24 yr;9;0;4;0;0;0;0;2;0
2007;46;5-24 yr;11;0;4;0;1;0;0;0;0
2007;47;5-24 yr;11;0;1;0;1;0;0;3;0
2007;48;5-24 yr;16;0;5;0;2;0;0;1;0
2007;49;5-24 yr;14;0;3;0;0;0;0;6;0
2007;50;5-24 yr;23;0;6;0;2;0;0;7;0
2007;51;5-24 yr;27;0;12;0;4;0;0;11;0
2007;52;5-24 yr;36;0;8;0;1;0;0;12;0
2008;1;5-24 yr;33;0;18;0;3;0;0;7;0
2008;2;5-24 yr;57;0;48;0;8;0;0;14;0
2008;3;5-24 yr;84;0;100;0;5;0;0;24;0
2008;4;5-24 yr;92;0;189;0;22;0;0;45;0
2008;5;5-24 yr;121;0;310;0;68;0;0;65;0
2008;6;5-24 yr;126;0;388;0;56;0;0;102;0
2008;7;5-24 yr;96;0;344;0;91;0;0;68;0
2008;8;5-24 yr;75;0;364;0;72;0;0;93;0
2008;9;5-24 yr;55;0;290;0;53;0;0;86;0
2008;10;5-24 yr;28;0;208;0;49;0;0;112;0
2008;11;5-24 yr;28;0;139;0;23;0;0;97;0
2008;12;5-24 yr;12;0;106;0;14;0;0;64;0
2008;13;5-24 yr;4;0;49;0;11;0;0;45;0
2008;14;5-24 yr;6;0;33;0;6;0;0;39;0
2008;15;5-24 yr;3;0;12;0;4;0;0;29;0
2008;16;5-24 yr;0;0;7;0;2;0;0;20;0
2008;17;5-24 yr;1;0;5;0;1;0;0;12;0
2008;18;5-24 yr;0;0;3;0;1;0;0;5;0
2008;19;5-24 yr;0;0;1;0;0;0;0;7;0
2008;20;5-24 yr;0;0;0;0;0;0;0;4;0
2008;21;5-24 yr;0;0;3;0;0;0;0;2;0
2008;22;5-24 yr;0;0;1;0;0;0;0;1;0
2008;23;5-24 yr;0;0;0;0;0;0;0;2;0
2008;24;5-24 yr;0;0;0;0;0;0;0;2;0
2008;25;5-24 yr;0;0;0;0;0;0;0;0;0
2008;26;5-24 yr;0;0;0;0;0;0;0;0;0
2008;27;5-24 yr;0;0;0;0;0;0;0;0;0
2008;28;5-24 yr;0;0;0;0;0;0;0;0;0
2008;29;5-24 yr;0;0;0;0;0;0;0;1;0
2008;30;5-24 yr;0;0;0;0;0;0;0;0;0
2008;31;5-24 yr;0;0;0;0;0;0;0;0;0
2008;32;5-24 yr;1;0;0;0;0;0;0;1;0
2008;33;5-24 yr;0;0;0;0;0;0;0;0;0
2008;34;5-24 yr;0;0;0;0;0;0;0;1;0
2008;35;5-24 yr;0;0;0;0;0;0;0;0;0
2008;36;5-24 yr;0;0;0;0;0;0;0;0;0
2008;37;5-24 yr;0;0;2;0;0;0;0;2;0
2008;38;5-24 yr;2;0;0;0;0;0;0;1;0
2008;39;5-24 yr;2;0;0;0;0;0;0;0;0
2007;40;25-64 yr;0;0;1;0;0;0;0;1;0
2007;41;25-64 yr;1;0;1;0;0;0;0;0;0
2007;42;25-64 yr;2;0;1;0;1;0;0;1;0
2007;43;25-64 yr;5;0;0;0;0;0;0;0;0
2007;44;25-64 yr;2;0;0;0;0;0;0;3;0
2007;45;25-64 yr;4;0;3;0;0;0;0;3;0
2007;46;25-64 yr;4;0;1;0;1;0;0;0;0
2007;47;25-64 yr;11;0;1;0;0;0;0;3;0
2007;48;25-64 yr;23;0;6;0;1;0;0;9;0
2007;49;25-64 yr;9;0;5;0;0;0;0;4;0
2007;50;25-64 yr;20;0;10;0;1;0;0;4;0
2007;51;25-64 yr;22;0;11;0;0;0;0;11;0
2007;52;25-64 yr;23;0;10;0;0;0;0;18;0
2008;1;25-64 yr;36;0;23;0;2;0;0;33;0
2008;2;25-64 yr;51;0;47;0;11;0;0;41;0
2008;3;25-64 yr;57;0;55;0;13;0;0;49;0
2008;4;25-64 yr;52;0;111;0;14;0;0;64;0
2008;5;25-64 yr;64;0;202;0;32;0;0;124;0
2008;6;25-64 yr;72;0;251;0;44;0;0;135;0
2008;7;25-64 yr;42;0;256;0;91;0;0;120;0
2008;8;25-64 yr;45;0;278;0;85;0;0;155;0
2008;9;25-64 yr;34;0;275;0;69;0;0;172;0
2008;10;25-64 yr;18;0;183;0;55;0;0;154;0
2008;11;25-64 yr;20;0;151;0;22;0;0;126;0
2008;12;25-64 yr;16;0;124;0;14;0;0;116;0
2008;13;25-64 yr;7;0;49;0;23;0;0;120;0
2008;14;25-64 yr;2;0;31;0;7;0;0;76;0
2008;15;25-64 yr;0;0;14;0;4;0;0;76;0
2008;16;25-64 yr;0;0;11;0;7;0;0;46;0
2008;17;25-64 yr;1;0;3;0;0;0;0;20;0
2008;18;25-64 yr;1;0;3;0;1;0;0;15;0
2008;19;25-64 yr;0;0;5;0;0;0;0;9;0
2008;20;25-64 yr;0;0;2;0;1;0;0;6;0
2008;21;25-64 yr;1;0;1;0;0;0;0;4;0
2008;22;25-64 yr;0;0;0;0;0;0;0;2;0
2008;23;25-64 yr;0;0;0;0;0;0;0;2;0
2008;24;25-64 yr;0;0;0;0;0;0;0;0;0
2008;25;25-64 yr;0;0;1;0;0;0;0;0;0
2008;26;25-64 yr;0;0;0;0;0;0;0;0;0
2008;27;25-64 yr;0;0;0;0;0;0;0;0;0
2008;28;25-64 yr;1;0;0;0;0;0;0;2;0
2008;29;25-64 yr;0;0;0;0;0;0;0;0;0
2008;30;25-64 yr;1;0;3;0;0;0;0;0;0
2008;31;25-64 yr;0;0;0;0;0;0;0;1;0
2008;32;25-64 yr;0;0;0;0;0;0;0;0;0
2008;33;25-64 yr;0;0;0;0;0;0;0;0;0
2008;34;25-64 yr;0;0;1;0;0;0;0;2;0
2008;35;25-64 yr;0;0;0;0;0;0;0;2;0
2008;36;25-64 yr;1;0;0;0;0;0;0;0;0
2008;37;25-64 yr;0;0;0;0;0;0;0;0;0
2008;38;25-64 yr;0;0;1;0;0;0;0;1;0
2008;39;25-64 yr;0;0;0;0;0;0;0;0;0
2007;40;65+ yr;1;0;0;0;1;0;0;0;0
2007;41;65+ yr;0;0;0;0;0;0;0;0;0
2007;42;65+ yr;1;0;0;0;0;0;0;0;0
2007;43;65+ yr;0;0;0;0;0;0;0;0;0
2007;44;65+ yr;0;0;0;0;0;0;0;1;0
2007;45;65+ yr;0;0;0;0;0;0;0;0;0
2007;46;65+ yr;1;0;0;0;0;0;0;0;0
2007;47;65+ yr;2;0;0;0;0;0;0;1;0
2007;48;65+ yr;0;0;0;0;0;0;0;0;0
2007;49;65+ yr;1;0;0;0;0;0;0;3;0
2007;50;65+ yr;0;0;2;0;0;0;0;0;0
2007;51;65+ yr;1;0;0;0;0;0;0;2;0
2007;52;65+ yr;1;0;2;0;0;0;0;3;0
2008;1;65+ yr;0;0;6;0;1;0;0;6;0
2008;2;65+ yr;6;0;6;0;2;0;0;16;0
2008;3;65+ yr;4;0;8;0;2;0;0;7;0
2008;4;65+ yr;3;0;19;0;3;0;0;10;0
2008;5;65+ yr;3;0;24;0;13;0;0;25;0
2008;6;65+ yr;6;0;53;0;7;0;0;32;0
2008;7;65+ yr;2;0;62;0;19;0;0;42;0
2008;8;65+ yr;3;0;107;0;27;0;0;32;0
2008;9;65+ yr;5;0;95;0;28;0;0;54;0
2008;10;65+ yr;2;0;61;0;20;0;0;61;0
2008;11;65+ yr;2;0;78;0;32;0;0;51;0
2008;12;65+ yr;1;0;53;0;13;0;0;54;0
2008;13;65+ yr;0;0;32;0;13;0;0;62;0
2008;14;65+ yr;0;0;25;0;1;0;0;38;0
2008;15;65+ yr;0;0;15;0;2;0;0;36;0
2008;16;65+ yr;0;0;4;0;1;0;0;15;0
2008;17;65+ yr;0;0;0;0;0;0;0;10;0
2008;18;65+ yr;0;0;0;0;0;0;0;5;0
2008;19;65+ yr;0;0;2;0;2;0;0;5;0
2008;20;65+ yr;0;0;0;0;1;0;0;2;0
2008;21;65+ yr;0;0;0;0;2;0;0;2;0
2008;22;65+ yr;0;0;0;0;0;0;0;1;0
2008;23;65+ yr;0;0;1;0;0;0;0;0;0
2008;24;65+ yr;0;0;0;0;0;0;0;1;0
2008;25;65+ yr;0;0;1;0;0;0;0;0;0
2008;26;65+ yr;0;0;0;0;0;0;0;4;0
2008;27;65+ yr;0;0;0;0;0;0;0;0;0
2008;28;65+ yr;0;0;0;0;0;0;0;0;0
2008;29;65+ yr;0;0;0;0;0;0;0;0;0
2008;30;65+ yr;0;0;0;0;1;0;0;0;0
2008;31;65+ yr;0;0;0;0;0;0;0;0;0
2008;32;65+ yr;0;0;0;0;0;0;0;0;0
2008;33;65+ yr;0;0;0;0;0;0;0;0;0
2008;34;65+ yr;0;0;0;0;0;0;0;0;0
2008;35;65+ yr;0;0;0;0;0;0;0;0;0
2008;36;65+ yr;0;0;0;0;0;0;0;0;0
2008;37;65+ yr;0;0;0;0;0;0;0;0;0
2008;38;65+ yr;0;0;0;0;0;0;0;0;0
2008;39;65+ yr;0;0;0;0;0;0;0;0;0
